---
- name: Aenon Town
  state_code: '13'
  state_name: Clarendon
  latitude: '18.21027000'
  longitude: "-77.39851000"
- name: Alley
  state_code: '13'
  state_name: Clarendon
  latitude: '17.79036000'
  longitude: "-77.27085000"
- name: Alston
  state_code: '13'
  state_name: Clarendon
  latitude: '18.17639000'
  longitude: "-77.43468000"
- name: Ashley
  state_code: '13'
  state_name: Clarendon
  latitude: '18.01440000'
  longitude: "-77.34019000"
- name: Banks
  state_code: '13'
  state_name: Clarendon
  latitude: '17.83222000'
  longitude: "-77.30731000"
- name: Beckford Kraal
  state_code: '13'
  state_name: Clarendon
  latitude: '18.08545000'
  longitude: "-77.32399000"
- name: Brandon Hill
  state_code: '13'
  state_name: Clarendon
  latitude: '18.15110000'
  longitude: "-77.23663000"
- name: Brixton Hill
  state_code: '13'
  state_name: Clarendon
  latitude: '18.02039000'
  longitude: "-77.31744000"
- name: Bucknor
  state_code: '13'
  state_name: Clarendon
  latitude: '18.00619000'
  longitude: "-77.23749000"
- name: Bucks Common
  state_code: '13'
  state_name: Clarendon
  latitude: '17.98228000'
  longitude: "-77.23846000"
- name: Bushy Park
  state_code: '13'
  state_name: Clarendon
  latitude: '17.98243000'
  longitude: "-77.25135000"
- name: Chapelton
  state_code: '13'
  state_name: Clarendon
  latitude: '18.08333000'
  longitude: "-77.26667000"
- name: Chateau
  state_code: '13'
  state_name: Clarendon
  latitude: '17.98972000'
  longitude: "-77.18737000"
- name: Cockpit
  state_code: '13'
  state_name: Clarendon
  latitude: '17.88872000'
  longitude: "-77.15835000"
- name: Coffee Piece
  state_code: '13'
  state_name: Clarendon
  latitude: '18.13835000'
  longitude: "-77.40648000"
- name: Colonels Ridge
  state_code: '13'
  state_name: Clarendon
  latitude: '18.13525000'
  longitude: "-77.25550000"
- name: Coxswain
  state_code: '13'
  state_name: Clarendon
  latitude: '18.10272000'
  longitude: "-77.23444000"
- name: Crofts Hill
  state_code: '13'
  state_name: Clarendon
  latitude: '18.13268000'
  longitude: "-77.20507000"
- name: Crooked River
  state_code: '13'
  state_name: Clarendon
  latitude: '18.14289000'
  longitude: "-77.30000000"
- name: Cumberland
  state_code: '13'
  state_name: Clarendon
  latitude: '18.10522000'
  longitude: "-77.41617000"
- name: Curatoe Hill
  state_code: '13'
  state_name: Clarendon
  latitude: '17.93982000'
  longitude: "-77.24836000"
- name: Dawkins
  state_code: '13'
  state_name: Clarendon
  latitude: '18.05540000'
  longitude: "-77.33303000"
- name: Effortville
  state_code: '13'
  state_name: Clarendon
  latitude: '17.99270000'
  longitude: "-77.21860000"
- name: Four Paths
  state_code: '13'
  state_name: Clarendon
  latitude: '17.97089000'
  longitude: "-77.29599000"
- name: Frankfield
  state_code: '13'
  state_name: Clarendon
  latitude: '18.14971000'
  longitude: "-77.36498000"
- name: Freetown
  state_code: '13'
  state_name: Clarendon
  latitude: '17.92192000'
  longitude: "-77.14781000"
- name: Gimme-me-bit
  state_code: '13'
  state_name: Clarendon
  latitude: '17.88946000'
  longitude: "-77.28469000"
- name: Glenmuir
  state_code: '13'
  state_name: Clarendon
  latitude: '17.96801000'
  longitude: "-77.25394000"
- name: Grantham
  state_code: '13'
  state_name: Clarendon
  latitude: '18.15839000'
  longitude: "-77.39643000"
- name: Gravel Hill
  state_code: '13'
  state_name: Clarendon
  latitude: '17.90968000'
  longitude: "-77.33354000"
- name: Hayes
  state_code: '13'
  state_name: Clarendon
  latitude: '17.87569000'
  longitude: "-77.23711000"
- name: Hazard
  state_code: '13'
  state_name: Clarendon
  latitude: '17.95382000'
  longitude: "-77.23147000"
- name: Inverness
  state_code: '13'
  state_name: Clarendon
  latitude: '17.91195000'
  longitude: "-77.19032000"
- name: James Hill
  state_code: '13'
  state_name: Clarendon
  latitude: '18.18750000'
  longitude: "-77.33700000"
- name: Johns Hall
  state_code: '13'
  state_name: Clarendon
  latitude: '18.18876000'
  longitude: "-77.38063000"
- name: Kellits
  state_code: '13'
  state_name: Clarendon
  latitude: '18.16184000'
  longitude: "-77.27049000"
- name: Limit
  state_code: '13'
  state_name: Clarendon
  latitude: '18.15287000'
  longitude: "-77.47121000"
- name: Lionel Town
  state_code: '13'
  state_name: Clarendon
  latitude: '17.81007000'
  longitude: "-77.24061000"
- name: Longville Park
  state_code: '13'
  state_name: Clarendon
  latitude: '17.91188000'
  longitude: "-77.15983000"
- name: Longwood
  state_code: '13'
  state_name: Clarendon
  latitude: '17.80754000'
  longitude: "-77.28728000"
- name: May Pen
  state_code: '13'
  state_name: Clarendon
  latitude: '17.96454000'
  longitude: "-77.24515000"
- name: May Pen Proper
  state_code: '13'
  state_name: Clarendon
  latitude: '17.97034000'
  longitude: "-77.23911000"
- name: Milk River
  state_code: '13'
  state_name: Clarendon
  latitude: '17.87560000'
  longitude: "-77.35139000"
- name: Mineral Heights
  state_code: '13'
  state_name: Clarendon
  latitude: '17.94183000'
  longitude: "-77.23276000"
- name: Mitchell Town
  state_code: '13'
  state_name: Clarendon
  latitude: '17.81281000'
  longitude: "-77.20531000"
- name: Moores
  state_code: '13'
  state_name: Clarendon
  latitude: '18.02926000'
  longitude: "-77.18540000"
- name: Morgans Forest
  state_code: '13'
  state_name: Clarendon
  latitude: '18.19088000'
  longitude: "-77.41021000"
- name: Morgans Pass
  state_code: '13'
  state_name: Clarendon
  latitude: '18.12123000'
  longitude: "-77.27493000"
- name: Mount Airy
  state_code: '13'
  state_name: Clarendon
  latitude: '18.01843000'
  longitude: "-77.36357000"
- name: New Denbigh
  state_code: '13'
  state_name: Clarendon
  latitude: '17.98563000'
  longitude: "-77.27104000"
- name: New Longsville
  state_code: '13'
  state_name: Clarendon
  latitude: '18.03072000'
  longitude: "-77.23048000"
- name: Old Denbigh
  state_code: '13'
  state_name: Clarendon
  latitude: '17.96116000'
  longitude: "-77.26701000"
- name: Orange Hill
  state_code: '13'
  state_name: Clarendon
  latitude: '18.11788000'
  longitude: "-77.35942000"
- name: Osbourne Store
  state_code: '13'
  state_name: Clarendon
  latitude: '17.95892000'
  longitude: "-77.32827000"
- name: Paisley
  state_code: '13'
  state_name: Clarendon
  latitude: '17.96293000'
  longitude: "-77.22368000"
- name: Palmers Cross
  state_code: '13'
  state_name: Clarendon
  latitude: '17.95000000'
  longitude: "-77.20338000"
- name: Part of Banana Ground
  state_code: '13'
  state_name: Clarendon
  latitude: '18.08022000'
  longitude: "-77.40971000"
- name: Part of Douglas Castle
  state_code: '13'
  state_name: Clarendon
  latitude: '18.18703000'
  longitude: "-77.27538000"
- name: Part of Kellits
  state_code: '13'
  state_name: Clarendon
  latitude: '18.17159000'
  longitude: "-77.25120000"
- name: Peckham
  state_code: '13'
  state_name: Clarendon
  latitude: '18.17147000'
  longitude: "-77.39766000"
- name: Pennants
  state_code: '13'
  state_name: Clarendon
  latitude: '18.11025000'
  longitude: "-77.31306000"
- name: Pleasant Valley
  state_code: '13'
  state_name: Clarendon
  latitude: '18.01101000'
  longitude: "-77.29027000"
- name: Portland Cottage
  state_code: '13'
  state_name: Clarendon
  latitude: '17.74620000'
  longitude: "-77.18772000"
- name: Porus
  state_code: '13'
  state_name: Clarendon
  latitude: '18.05202000'
  longitude: "-77.40007000"
- name: Race Course
  state_code: '13'
  state_name: Clarendon
  latitude: '17.84019000'
  longitude: "-77.28223000"
- name: Richmond Park
  state_code: '13'
  state_name: Clarendon
  latitude: '18.05172000'
  longitude: "-77.37642000"
- name: Ritchies
  state_code: '13'
  state_name: Clarendon
  latitude: '18.13904000'
  longitude: "-77.42893000"
- name: Rock
  state_code: '13'
  state_name: Clarendon
  latitude: '17.99122000'
  longitude: "-77.33702000"
- name: Rock River
  state_code: '13'
  state_name: Clarendon
  latitude: '18.06548000'
  longitude: "-77.19707000"
- name: Rocky Point
  state_code: '13'
  state_name: Clarendon
  latitude: '17.77695000'
  longitude: "-77.24816000"
- name: Salt River
  state_code: '13'
  state_name: Clarendon
  latitude: '17.84143000'
  longitude: "-77.17413000"
- name: Sandy Bay
  state_code: '13'
  state_name: Clarendon
  latitude: '17.95105000'
  longitude: "-77.16225000"
- name: Sanguinetti
  state_code: '13'
  state_name: Clarendon
  latitude: '18.15585000'
  longitude: "-77.42938000"
- name: Sedgepond
  state_code: '13'
  state_name: Clarendon
  latitude: '17.84753000'
  longitude: "-77.32638000"
- name: Silent Hill
  state_code: '13'
  state_name: Clarendon
  latitude: '18.19152000'
  longitude: "-77.45918000"
- name: Smithville
  state_code: '13'
  state_name: Clarendon
  latitude: '18.11977000'
  longitude: "-77.38561000"
- name: Spaldings
  state_code: '13'
  state_name: Clarendon
  latitude: '18.16875000'
  longitude: "-77.45798000"
- name: Summerfield
  state_code: '13'
  state_name: Clarendon
  latitude: '18.09433000'
  longitude: "-77.28429000"
- name: Thompson Town
  state_code: '13'
  state_name: Clarendon
  latitude: '18.08968000'
  longitude: "-77.37186000"
- name: Tollgate
  state_code: '13'
  state_name: Clarendon
  latitude: '17.97195000'
  longitude: "-77.36566000"
- name: Treadlight
  state_code: '13'
  state_name: Clarendon
  latitude: '17.99264000'
  longitude: "-77.25531000"
- name: Trout Hall
  state_code: '13'
  state_name: Clarendon
  latitude: '18.13779000'
  longitude: "-77.33299000"
- name: Turners
  state_code: '13'
  state_name: Clarendon
  latitude: '18.06647000'
  longitude: "-77.23523000"
- name: Water Lane
  state_code: '13'
  state_name: Clarendon
  latitude: '17.82452000'
  longitude: "-77.25946000"
- name: Woodhall
  state_code: '13'
  state_name: Clarendon
  latitude: '18.04757000'
  longitude: "-77.27575000"
- name: York Town
  state_code: '13'
  state_name: Clarendon
  latitude: '17.92515000'
  longitude: "-77.30002000"
- name: Askenish
  state_code: '09'
  state_name: Hanover
  latitude: '18.38492000'
  longitude: "-78.14910000"
- name: Cacoon
  state_code: '09'
  state_name: Hanover
  latitude: '18.41642000'
  longitude: "-78.20730000"
- name: Cacoon Castle
  state_code: '09'
  state_name: Hanover
  latitude: '18.40247000'
  longitude: "-78.01336000"
- name: Cascade
  state_code: '09'
  state_name: Hanover
  latitude: '18.39747000'
  longitude: "-78.10337000"
- name: Cash Hill
  state_code: '09'
  state_name: Hanover
  latitude: '18.36920000'
  longitude: "-78.10938000"
- name: Cauldwell
  state_code: '09'
  state_name: Hanover
  latitude: '18.38583000'
  longitude: "-78.24110000"
- name: Chambers Pen
  state_code: '09'
  state_name: Hanover
  latitude: '18.40520000'
  longitude: "-78.15975000"
- name: Chester Castle
  state_code: '09'
  state_name: Hanover
  latitude: '18.33822000'
  longitude: "-77.94722000"
- name: Copse
  state_code: '09'
  state_name: Hanover
  latitude: '18.39466000'
  longitude: "-77.97678000"
- name: Cousins Cove
  state_code: '09'
  state_name: Hanover
  latitude: '18.42425000'
  longitude: "-78.23752000"
- name: Dias
  state_code: '09'
  state_name: Hanover
  latitude: '18.39379000'
  longitude: "-78.18562000"
- name: Great Valley
  state_code: '09'
  state_name: Hanover
  latitude: '18.41169000'
  longitude: "-78.05023000"
- name: Green Island
  state_code: '09'
  state_name: Hanover
  latitude: '18.38399000'
  longitude: "-78.27015000"
- name: Haddington
  state_code: '09'
  state_name: Hanover
  latitude: '18.42043000'
  longitude: "-78.00383000"
- name: Hopewell
  state_code: '09'
  state_name: Hanover
  latitude: '18.44321000'
  longitude: "-78.02636000"
- name: Jericho
  state_code: '09'
  state_name: Hanover
  latitude: '18.43744000'
  longitude: "-78.13028000"
- name: Kendal
  state_code: '09'
  state_name: Hanover
  latitude: '18.36287000'
  longitude: "-78.22720000"
- name: Kingsvale
  state_code: '09'
  state_name: Hanover
  latitude: '18.38087000'
  longitude: "-78.20523000"
- name: Lances Bay
  state_code: '09'
  state_name: Hanover
  latitude: '18.43819000'
  longitude: "-78.21442000"
- name: Logwood
  state_code: '09'
  state_name: Hanover
  latitude: '18.34878000'
  longitude: "-78.29620000"
- name: Lucea
  state_code: '09'
  state_name: Hanover
  latitude: '18.45095000'
  longitude: "-78.17356000"
- name: Lucea East
  state_code: '09'
  state_name: Hanover
  latitude: '18.42198000'
  longitude: "-78.16675000"
- name: Lucea West
  state_code: '09'
  state_name: Hanover
  latitude: '18.44238000'
  longitude: "-78.18663000"
- name: March Town
  state_code: '09'
  state_name: Hanover
  latitude: '18.32951000'
  longitude: "-78.27656000"
- name: Maryland
  state_code: '09'
  state_name: Hanover
  latitude: '18.38679000'
  longitude: "-78.12825000"
- name: Mount Peto
  state_code: '09'
  state_name: Hanover
  latitude: '18.35747000'
  longitude: "-78.02289000"
- name: Orange Bay
  state_code: '09'
  state_name: Hanover
  latitude: '18.34266000'
  longitude: "-78.32005000"
- name: Pell River
  state_code: '09'
  state_name: Hanover
  latitude: '18.37886000'
  longitude: "-78.21904000"
- name: Pondside
  state_code: '09'
  state_name: Hanover
  latitude: '18.40222000'
  longitude: "-78.07344000"
- name: Ramble
  state_code: '09'
  state_name: Hanover
  latitude: '18.34674000'
  longitude: "-77.98802000"
- name: Rock Spring
  state_code: '09'
  state_name: Hanover
  latitude: '18.34797000'
  longitude: "-78.24392000"
- name: Sandy Bay
  state_code: '09'
  state_name: Hanover
  latitude: '18.43750000'
  longitude: "-78.08383000"
- name: Santoy
  state_code: '09'
  state_name: Hanover
  latitude: '18.35875000'
  longitude: "-78.28386000"
- name: Success
  state_code: '09'
  state_name: Hanover
  latitude: '18.37729000'
  longitude: "-78.05105000"
- name: Woodlands
  state_code: '09'
  state_name: Hanover
  latitude: '18.44555000'
  longitude: "-77.99963000"
- name: Woodsville
  state_code: '09'
  state_name: Hanover
  latitude: '18.36950000'
  longitude: "-78.07217000"
- name: Allman Town
  state_code: '01'
  state_name: Kingston
  latitude: '17.98297000'
  longitude: "-76.78685000"
- name: Bournemouth Gardens
  state_code: '01'
  state_name: Kingston
  latitude: '17.97009000'
  longitude: "-76.76266000"
- name: Campbell Town
  state_code: '01'
  state_name: Kingston
  latitude: '17.97914000'
  longitude: "-76.78134000"
- name: Central Down Town
  state_code: '01'
  state_name: Kingston
  latitude: '17.96958000'
  longitude: "-76.79264000"
- name: D'Aguilar Town/ Rennock Lodge
  state_code: '01'
  state_name: Kingston
  latitude: '17.97001000'
  longitude: "-76.73701000"
- name: Denham Town
  state_code: '01'
  state_name: Kingston
  latitude: '17.97812000'
  longitude: "-76.79984000"
- name: East Down Town
  state_code: '01'
  state_name: Kingston
  latitude: '17.97197000'
  longitude: "-76.78471000"
- name: Fletchers Land
  state_code: '01'
  state_name: Kingston
  latitude: '17.97968000'
  longitude: "-76.79100000"
- name: Franklyn Town
  state_code: '01'
  state_name: Kingston
  latitude: '17.97787000'
  longitude: "-76.77339000"
- name: Hannah Town/ Craig Town
  state_code: '01'
  state_name: Kingston
  latitude: '17.97998000'
  longitude: "-76.79430000"
- name: Johnson Town
  state_code: '01'
  state_name: Kingston
  latitude: '17.97771000'
  longitude: "-76.75593000"
- name: Kingston
  state_code: '01'
  state_name: Kingston
  latitude: '17.99702000'
  longitude: "-76.79358000"
- name: Kingston Gardens
  state_code: '01'
  state_name: Kingston
  latitude: '17.97836000'
  longitude: "-76.78681000"
- name: Manley Meadows
  state_code: '01'
  state_name: Kingston
  latitude: '17.96907000'
  longitude: "-76.77116000"
- name: Newport East
  state_code: '01'
  state_name: Kingston
  latitude: '17.97421000'
  longitude: "-76.80663000"
- name: Newton Square
  state_code: '01'
  state_name: Kingston
  latitude: '17.97352000'
  longitude: "-76.77207000"
- name: Norman Gardens
  state_code: '01'
  state_name: Kingston
  latitude: '17.97803000'
  longitude: "-76.75940000"
- name: Passmore Town
  state_code: '01'
  state_name: Kingston
  latitude: '17.97301000'
  longitude: "-76.77650000"
- name: Port Royal
  state_code: '01'
  state_name: Kingston
  latitude: '17.93738000'
  longitude: "-76.84062000"
- name: Rae Town
  state_code: '01'
  state_name: Kingston
  latitude: '17.96773000'
  longitude: "-76.77965000"
- name: Rollington Town
  state_code: '01'
  state_name: Kingston
  latitude: '17.97687000'
  longitude: "-76.76523000"
- name: Southside
  state_code: '01'
  state_name: Kingston
  latitude: '17.96569000'
  longitude: "-76.78624000"
- name: Springfield
  state_code: '01'
  state_name: Kingston
  latitude: '17.97117000'
  longitude: "-76.75607000"
- name: Tivoli Gardens
  state_code: '01'
  state_name: Kingston
  latitude: '17.97326000'
  longitude: "-76.80090000"
- name: West Down Town
  state_code: '01'
  state_name: Kingston
  latitude: '17.97294000'
  longitude: "-76.79704000"
- name: Alligator Pond
  state_code: '12'
  state_name: Manchester
  latitude: '17.88369000'
  longitude: "-77.56068000"
- name: Asia/Pratville
  state_code: '12'
  state_name: Manchester
  latitude: '17.91584000'
  longitude: "-77.41563000"
- name: Auchtembeddie
  state_code: '12'
  state_name: Manchester
  latitude: '18.22543000'
  longitude: "-77.60361000"
- name: Bellefield
  state_code: '12'
  state_name: Manchester
  latitude: '18.09266000'
  longitude: "-77.44004000"
- name: Bethany
  state_code: '12'
  state_name: Manchester
  latitude: '18.15373000'
  longitude: "-77.55032000"
- name: Blue Mountain
  state_code: '12'
  state_name: Manchester
  latitude: '18.07095000'
  longitude: "-77.42840000"
- name: Bombay
  state_code: '12'
  state_name: Manchester
  latitude: '18.11780000'
  longitude: "-77.44940000"
- name: Butt-Up
  state_code: '12'
  state_name: Manchester
  latitude: '17.97313000'
  longitude: "-77.57777000"
- name: Cedar Grove
  state_code: '12'
  state_name: Manchester
  latitude: '18.01225000'
  longitude: "-77.49630000"
- name: Chantilly
  state_code: '12'
  state_name: Manchester
  latitude: '18.10447000'
  longitude: "-77.46625000"
- name: Christiana
  state_code: '12'
  state_name: Manchester
  latitude: '18.18015000'
  longitude: "-77.49045000"
- name: Chudleigh
  state_code: '12'
  state_name: Manchester
  latitude: '18.15148000'
  longitude: "-77.50707000"
- name: Cobbla
  state_code: '12'
  state_name: Manchester
  latitude: '18.14060000'
  longitude: "-77.46998000"
- name: Coleyville
  state_code: '12'
  state_name: Manchester
  latitude: '18.19993000'
  longitude: "-77.51924000"
- name: Comfort
  state_code: '12'
  state_name: Manchester
  latitude: '18.05390000'
  longitude: "-77.42477000"
- name: Comfort Hall
  state_code: '12'
  state_name: Manchester
  latitude: '18.18789000'
  longitude: "-77.61041000"
- name: Content
  state_code: '12'
  state_name: Manchester
  latitude: '18.07444000'
  longitude: "-77.45116000"
- name: Craig Head
  state_code: '12'
  state_name: Manchester
  latitude: '18.23658000'
  longitude: "-77.56295000"
- name: Cross Keys
  state_code: '12'
  state_name: Manchester
  latitude: '17.90727000'
  longitude: "-77.50111000"
- name: Devon
  state_code: '12'
  state_name: Manchester
  latitude: '18.16595000'
  longitude: "-77.52507000"
- name: Downs
  state_code: '12'
  state_name: Manchester
  latitude: '17.95004000'
  longitude: "-77.57313000"
- name: Ellen Street
  state_code: '12'
  state_name: Manchester
  latitude: '17.96796000'
  longitude: "-77.43931000"
- name: Evergreen
  state_code: '12'
  state_name: Manchester
  latitude: '18.15096000'
  longitude: "-77.59965000"
- name: Fairfield
  state_code: '12'
  state_name: Manchester
  latitude: '18.03117000'
  longitude: "-77.57535000"
- name: French Park
  state_code: '12'
  state_name: Manchester
  latitude: '17.95572000'
  longitude: "-77.54471000"
- name: George's Valley
  state_code: '12'
  state_name: Manchester
  latitude: '18.03172000'
  longitude: "-77.48081000"
- name: Good Intent
  state_code: '12'
  state_name: Manchester
  latitude: '18.20806000'
  longitude: "-77.57086000"
- name: Greenvale
  state_code: '12'
  state_name: Manchester
  latitude: '18.03928000'
  longitude: "-77.53239000"
- name: Grove Place
  state_code: '12'
  state_name: Manchester
  latitude: '18.10467000'
  longitude: "-77.52923000"
- name: Grove Town
  state_code: '12'
  state_name: Manchester
  latitude: '17.88606000'
  longitude: "-77.45882000"
- name: Harmons
  state_code: '12'
  state_name: Manchester
  latitude: '17.98171000'
  longitude: "-77.41208000"
- name: Harry Watch
  state_code: '12'
  state_name: Manchester
  latitude: '18.17314000'
  longitude: "-77.57611000"
- name: Hatfield
  state_code: '12'
  state_name: Manchester
  latitude: '18.01557000'
  longitude: "-77.54009000"
- name: Heartease
  state_code: '12'
  state_name: Manchester
  latitude: '18.04878000'
  longitude: "-77.48238000"
- name: Hibernia
  state_code: '12'
  state_name: Manchester
  latitude: '18.17575000'
  longitude: "-77.54830000"
- name: Huntley
  state_code: '12'
  state_name: Manchester
  latitude: '18.06647000'
  longitude: "-77.58171000"
- name: Kendal
  state_code: '12'
  state_name: Manchester
  latitude: '18.08318000'
  longitude: "-77.50320000"
- name: Knockpatrick
  state_code: '12'
  state_name: Manchester
  latitude: '17.99027000'
  longitude: "-77.49270000"
- name: Lancaster
  state_code: '12'
  state_name: Manchester
  latitude: '17.93603000'
  longitude: "-77.46134000"
- name: Litchfield
  state_code: '12'
  state_name: Manchester
  latitude: '18.13502000'
  longitude: "-77.52448000"
- name: Maidstone
  state_code: '12'
  state_name: Manchester
  latitude: '18.10165000'
  longitude: "-77.57284000"
- name: Mandeville
  state_code: '12'
  state_name: Manchester
  latitude: '18.04168000'
  longitude: "-77.50714000"
- name: Mandeville Proper
  state_code: '12'
  state_name: Manchester
  latitude: '18.04453000'
  longitude: "-77.50574000"
- name: Marlie Hill
  state_code: '12'
  state_name: Manchester
  latitude: '17.86692000'
  longitude: "-77.50835000"
- name: May Day
  state_code: '12'
  state_name: Manchester
  latitude: '18.00951000'
  longitude: "-77.47606000"
- name: Medina
  state_code: '12'
  state_name: Manchester
  latitude: '18.12236000'
  longitude: "-77.59643000"
- name: Mike Town
  state_code: '12'
  state_name: Manchester
  latitude: '18.04253000'
  longitude: "-77.55490000"
- name: Mile Gully
  state_code: '12'
  state_name: Manchester
  latitude: '18.13395000'
  longitude: "-77.56556000"
- name: New Forest
  state_code: '12'
  state_name: Manchester
  latitude: '17.92010000'
  longitude: "-77.55867000"
- name: New Green
  state_code: '12'
  state_name: Manchester
  latitude: '18.07663000'
  longitude: "-77.52569000"
- name: Newport
  state_code: '12'
  state_name: Manchester
  latitude: '17.96293000'
  longitude: "-77.50486000"
- name: Old England
  state_code: '12'
  state_name: Manchester
  latitude: '17.98503000'
  longitude: "-77.46017000"
- name: Part Of Banana Ground
  state_code: '12'
  state_name: Manchester
  latitude: '18.07912000'
  longitude: "-77.42134000"
- name: Part Of Gutters
  state_code: '12'
  state_name: Manchester
  latitude: '18.00642000'
  longitude: "-77.57903000"
- name: Part of Spaldings
  state_code: '12'
  state_name: Manchester
  latitude: '18.15819000'
  longitude: "-77.46627000"
- name: Pike
  state_code: '12'
  state_name: Manchester
  latitude: '18.23229000'
  longitude: "-77.53790000"
- name: Plowden
  state_code: '12'
  state_name: Manchester
  latitude: '17.89178000'
  longitude: "-77.53846000"
- name: Porus
  state_code: '12'
  state_name: Manchester
  latitude: '18.03535000'
  longitude: "-77.41166000"
- name: Prospect
  state_code: '12'
  state_name: Manchester
  latitude: '17.98244000'
  longitude: "-77.56775000"
- name: Richmond
  state_code: '12'
  state_name: Manchester
  latitude: '18.02560000'
  longitude: "-77.46337000"
- name: Robins Hall
  state_code: '12'
  state_name: Manchester
  latitude: '18.20405000'
  longitude: "-77.55007000"
- name: Rose Hill
  state_code: '12'
  state_name: Manchester
  latitude: '17.92471000'
  longitude: "-77.52340000"
- name: Royal Flat
  state_code: '12'
  state_name: Manchester
  latitude: '18.04965000'
  longitude: "-77.46830000"
- name: Scotts Pass
  state_code: '12'
  state_name: Manchester
  latitude: '17.99920000'
  longitude: "-77.39820000"
- name: Snowdon
  state_code: '12'
  state_name: Manchester
  latitude: '17.94198000'
  longitude: "-77.49137000"
- name: Somerset
  state_code: '12'
  state_name: Manchester
  latitude: '18.08036000'
  longitude: "-77.54306000"
- name: Spring Ground
  state_code: '12'
  state_name: Manchester
  latitude: '18.16233000'
  longitude: "-77.47977000"
- name: Spur Tree
  state_code: '12'
  state_name: Manchester
  latitude: '18.00650000'
  longitude: "-77.55664000"
- name: St. Paul's
  state_code: '12'
  state_name: Manchester
  latitude: '18.13144000'
  longitude: "-77.61200000"
- name: Swaby's Hope
  state_code: '12'
  state_name: Manchester
  latitude: '17.98608000'
  longitude: "-77.53326000"
- name: Top Hill
  state_code: '12'
  state_name: Manchester
  latitude: '18.11622000'
  longitude: "-77.50344000"
- name: Victoria Town
  state_code: '12'
  state_name: Manchester
  latitude: '17.90472000'
  longitude: "-77.37795000"
- name: Walderston
  state_code: '12'
  state_name: Manchester
  latitude: '18.11637000'
  longitude: "-77.48614000"
- name: Watham
  state_code: '12'
  state_name: Manchester
  latitude: '18.00675000'
  longitude: "-77.51873000"
- name: Williamsfield
  state_code: '12'
  state_name: Manchester
  latitude: '18.06664000'
  longitude: "-77.46582000"
- name: Balcarres
  state_code: '04'
  state_name: Portland
  latitude: '18.16735000'
  longitude: "-76.72061000"
- name: Bangor Ridge
  state_code: '04'
  state_name: Portland
  latitude: '18.13637000'
  longitude: "-76.68903000"
- name: Belvedere
  state_code: '04'
  state_name: Portland
  latitude: '18.20772000'
  longitude: "-76.69671000"
- name: Black Hill
  state_code: '04'
  state_name: Portland
  latitude: '18.21786000'
  longitude: "-76.59758000"
- name: Boundbrook
  state_code: '04'
  state_name: Portland
  latitude: '18.17573000'
  longitude: "-76.47079000"
- name: Breastworks
  state_code: '04'
  state_name: Portland
  latitude: '18.16000000'
  longitude: "-76.46612000"
- name: Buff Bay
  state_code: '04'
  state_name: Portland
  latitude: '18.23287000'
  longitude: "-76.66118000"
- name: Bybrook
  state_code: '04'
  state_name: Portland
  latitude: '18.14641000'
  longitude: "-76.65726000"
- name: Cascade
  state_code: '04'
  state_name: Portland
  latitude: '18.09377000'
  longitude: "-76.71223000"
- name: Castle Comfort
  state_code: '04'
  state_name: Portland
  latitude: '18.14217000'
  longitude: "-76.34634000"
- name: Central Port Antonio
  state_code: '04'
  state_name: Portland
  latitude: '18.18763000'
  longitude: "-76.45343000"
- name: Charles Town
  state_code: '04'
  state_name: Portland
  latitude: '18.20526000'
  longitude: "-76.66390000"
- name: Claverty Cottage
  state_code: '04'
  state_name: Portland
  latitude: '18.14876000'
  longitude: "-76.63923000"
- name: Comfort Castle
  state_code: '04'
  state_name: Portland
  latitude: '18.04833000'
  longitude: "-76.41614000"
- name: Drapers
  state_code: '04'
  state_name: Portland
  latitude: '18.17121000'
  longitude: "-76.40612000"
- name: Durham
  state_code: '04'
  state_name: Portland
  latitude: '18.08566000'
  longitude: "-76.51562000"
- name: Fairy Hill
  state_code: '04'
  state_name: Portland
  latitude: '18.16508000'
  longitude: "-76.36595000"
- name: Fellowship
  state_code: '04'
  state_name: Portland
  latitude: '18.12783000'
  longitude: "-76.47202000"
- name: Fruitfulvale
  state_code: '04'
  state_name: Portland
  latitude: '18.10891000'
  longitude: "-76.58617000"
- name: Hectors River
  state_code: '04'
  state_name: Portland
  latitude: '18.00089000'
  longitude: "-76.27055000"
- name: Hope Bay
  state_code: '04'
  state_name: Portland
  latitude: '18.18754000'
  longitude: "-76.57579000"
- name: Kensington
  state_code: '04'
  state_name: Portland
  latitude: '18.06765000'
  longitude: "-76.30053000"
- name: Long Bay
  state_code: '04'
  state_name: Portland
  latitude: '18.08581000'
  longitude: "-76.32515000"
- name: Long Road
  state_code: '04'
  state_name: Portland
  latitude: '18.00864000'
  longitude: "-76.29482000"
- name: Manchioneal
  state_code: '04'
  state_name: Portland
  latitude: '18.04444000'
  longitude: "-76.27735000"
- name: Moore Town
  state_code: '04'
  state_name: Portland
  latitude: '18.07767000'
  longitude: "-76.42577000"
- name: Mount Pleasant
  state_code: '04'
  state_name: Portland
  latitude: '18.16325000'
  longitude: "-76.50472000"
- name: Nonsuch
  state_code: '04'
  state_name: Portland
  latitude: '18.13819000'
  longitude: "-76.40467000"
- name: Norwich
  state_code: '04'
  state_name: Portland
  latitude: '18.18819000'
  longitude: "-76.47705000"
- name: Orange Bay
  state_code: '04'
  state_name: Portland
  latitude: '18.20306000'
  longitude: "-76.62250000"
- name: Port Antonio
  state_code: '04'
  state_name: Portland
  latitude: '18.17615000'
  longitude: "-76.45090000"
- name: Prospect
  state_code: '04'
  state_name: Portland
  latitude: '18.17481000'
  longitude: "-76.43550000"
- name: Rock Hall
  state_code: '04'
  state_name: Portland
  latitude: '18.16170000'
  longitude: "-76.53050000"
- name: Sherwood Forest
  state_code: '04'
  state_name: Portland
  latitude: '18.15428000'
  longitude: "-76.37821000"
- name: Shirley Castle
  state_code: '04'
  state_name: Portland
  latitude: '18.15657000'
  longitude: "-76.61112000"
- name: Skibo
  state_code: '04'
  state_name: Portland
  latitude: '18.17318000'
  longitude: "-76.62752000"
- name: Snow Hill
  state_code: '04'
  state_name: Portland
  latitude: '18.19474000'
  longitude: "-76.49350000"
- name: Spring Hill
  state_code: '04'
  state_name: Portland
  latitude: '18.12591000'
  longitude: "-76.72909000"
- name: St. Margaret's Bay
  state_code: '04'
  state_name: Portland
  latitude: '18.19084000'
  longitude: "-76.52888000"
- name: Swift River
  state_code: '04'
  state_name: Portland
  latitude: '18.15770000'
  longitude: "-76.57869000"
- name: Tranquility
  state_code: '04'
  state_name: Portland
  latitude: '18.18028000'
  longitude: "-76.68150000"
- name: Windsor
  state_code: '04'
  state_name: Portland
  latitude: '18.10673000'
  longitude: "-76.44631000"
- name: Windsor Castle
  state_code: '04'
  state_name: Portland
  latitude: '18.24888000'
  longitude: "-76.69029000"
- name: Windsor Forest
  state_code: '04'
  state_name: Portland
  latitude: '18.12057000'
  longitude: "-76.33876000"
- name: Arcadia
  state_code: '02'
  state_name: Saint Andrew
  latitude: '18.03737000'
  longitude: "-76.78201000"
- name: Arlene Gardens
  state_code: '02'
  state_name: Saint Andrew
  latitude: '18.03713000'
  longitude: "-76.81791000"
- name: Arnett Gardens
  state_code: '02'
  state_name: Saint Andrew
  latitude: '17.99150000'
  longitude: "-76.79829000"
- name: August Town
  state_code: '02'
  state_name: Saint Andrew
  latitude: '17.99556000'
  longitude: "-76.73673000"
- name: Barbican
  state_code: '02'
  state_name: Saint Andrew
  latitude: '18.03549000'
  longitude: "-76.76987000"
- name: Beverley Hills
  state_code: '02'
  state_name: Saint Andrew
  latitude: '18.00833000'
  longitude: "-76.76208000"
- name: Bito
  state_code: '02'
  state_name: Saint Andrew
  latitude: '17.97363000'
  longitude: "-76.66625000"
- name: Bloxborough
  state_code: '02'
  state_name: Saint Andrew
  latitude: '17.99581000'
  longitude: "-76.64767000"
- name: Boucher Park
  state_code: '02'
  state_name: Saint Andrew
  latitude: '18.00344000'
  longitude: "-76.81257000"
- name: Brandon Hill
  state_code: '02'
  state_name: Saint Andrew
  latitude: '18.14822000'
  longitude: "-76.80513000"
- name: Bull Bay/ Seven Mile
  state_code: '02'
  state_name: Saint Andrew
  latitude: '17.95247000'
  longitude: "-76.68404000"
- name: Cane River
  state_code: '02'
  state_name: Saint Andrew
  latitude: '17.98098000'
  longitude: "-76.68624000"
- name: Cassia Park
  state_code: '02'
  state_name: Saint Andrew
  latitude: '18.02047000'
  longitude: "-76.80665000"
- name: Cavaliers
  state_code: '02'
  state_name: Saint Andrew
  latitude: '18.09677000'
  longitude: "-76.84321000"
- name: Cherry Gardens
  state_code: '02'
  state_name: Saint Andrew
  latitude: '18.04963000'
  longitude: "-76.77867000"
- name: Cockburn Gardens
  state_code: '02'
  state_name: Saint Andrew
  latitude: '18.00357000'
  longitude: "-76.82435000"
- name: Constant Spring
  state_code: '02'
  state_name: Saint Andrew
  latitude: '18.05078000'
  longitude: "-76.79372000"
- name: Constant Spring Gardens
  state_code: '02'
  state_name: Saint Andrew
  latitude: '18.02942000'
  longitude: "-76.79956000"
- name: Constitution Hill
  state_code: '02'
  state_name: Saint Andrew
  latitude: '18.01488000'
  longitude: "-76.70515000"
- name: Content Gap
  state_code: '02'
  state_name: Saint Andrew
  latitude: '18.04082000'
  longitude: "-76.69070000"
- name: Cooreville Gardens
  state_code: '02'
  state_name: Saint Andrew
  latitude: '18.02244000'
  longitude: "-76.84852000"
- name: Cross Roads
  state_code: '02'
  state_name: Saint Andrew
  latitude: '17.99454000'
  longitude: "-76.78810000"
- name: Dallas
  state_code: '02'
  state_name: Saint Andrew
  latitude: '17.98463000'
  longitude: "-76.71256000"
- name: Delacree Park/ Union Gardens
  state_code: '02'
  state_name: Saint Andrew
  latitude: '17.99210000'
  longitude: "-76.82240000"
- name: Delacree Pen
  state_code: '02'
  state_name: Saint Andrew
  latitude: '17.99579000'
  longitude: "-76.81709000"
- name: Drewsland
  state_code: '02'
  state_name: Saint Andrew
  latitude: '18.02381000'
  longitude: "-76.82626000"
- name: Drumblair
  state_code: '02'
  state_name: Saint Andrew
  latitude: '18.02354000'
  longitude: "-76.78759000"
- name: Duhaney Park
  state_code: '02'
  state_name: Saint Andrew
  latitude: '18.03086000'
  longitude: "-76.84617000"
- name: Eastwood Park Gardens
  state_code: '02'
  state_name: Saint Andrew
  latitude: '18.01891000'
  longitude: "-76.80072000"
- name: Elleston Flats/ Mona Commons
  state_code: '02'
  state_name: Saint Andrew
  latitude: '18.00945000'
  longitude: "-76.74034000"
- name: Ferry
  state_code: '02'
  state_name: Saint Andrew
  latitude: '18.02771000'
  longitude: "-76.86720000"
- name: Forest Hills Gardens
  state_code: '02'
  state_name: Saint Andrew
  latitude: '18.03848000'
  longitude: "-76.82868000"
- name: Forest Hills/ Plantation Height
  state_code: '02'
  state_name: Saint Andrew
  latitude: '18.04300000'
  longitude: "-76.85140000"
- name: Golden Spring
  state_code: '02'
  state_name: Saint Andrew
  latitude: '18.09446000'
  longitude: "-76.79727000"
- name: Gordon Town
  state_code: '02'
  state_name: Saint Andrew
  latitude: '18.03762000'
  longitude: "-76.72353000"
- name: Grants Pen
  state_code: '02'
  state_name: Saint Andrew
  latitude: '18.03258000'
  longitude: "-76.78887000"
- name: Greenwich Town/ Newport West
  state_code: '02'
  state_name: Saint Andrew
  latitude: '17.98438000'
  longitude: "-76.82559000"
- name: Half Way Tree
  state_code: '02'
  state_name: Saint Andrew
  latitude: '18.01248000'
  longitude: "-76.79928000"
- name: Half-Way-Tree
  state_code: '02'
  state_name: Saint Andrew
  latitude: '18.01259000'
  longitude: "-76.79582000"
- name: Harbour View
  state_code: '02'
  state_name: Saint Andrew
  latitude: '17.95146000'
  longitude: "-76.71662000"
- name: Havendale
  state_code: '02'
  state_name: Saint Andrew
  latitude: '18.05429000'
  longitude: "-76.80870000"
- name: Hermitage
  state_code: '02'
  state_name: Saint Andrew
  latitude: '17.98351000'
  longitude: "-76.74102000"
- name: Hope Pastures/ UTECH
  state_code: '02'
  state_name: Saint Andrew
  latitude: '18.02306000'
  longitude: "-76.74987000"
- name: Hope Tavern
  state_code: '02'
  state_name: Saint Andrew
  latitude: '18.01233000'
  longitude: "-76.73202000"
- name: Hughenden
  state_code: '02'
  state_name: Saint Andrew
  latitude: '18.03037000'
  longitude: "-76.81728000"
- name: Irish Town
  state_code: '02'
  state_name: Saint Andrew
  latitude: '18.06234000'
  longitude: "-76.70262000"
- name: Jacks Hill
  state_code: '02'
  state_name: Saint Andrew
  latitude: '18.03872000'
  longitude: "-76.74892000"
- name: Jones Town
  state_code: '02'
  state_name: Saint Andrew
  latitude: '17.98422000'
  longitude: "-76.79691000"
- name: Kencot
  state_code: '02'
  state_name: Saint Andrew
  latitude: '18.00041000'
  longitude: "-76.79835000"
- name: Kintyre
  state_code: '02'
  state_name: Saint Andrew
  latitude: '18.02133000'
  longitude: "-76.72688000"
- name: Lawrence Tavern
  state_code: '02'
  state_name: Saint Andrew
  latitude: '18.13742000'
  longitude: "-76.84736000"
- name: Liguanea
  state_code: '02'
  state_name: Saint Andrew
  latitude: '18.02097000'
  longitude: "-76.76827000"
- name: Majestic Gardens
  state_code: '02'
  state_name: Saint Andrew
  latitude: '18.00023000'
  longitude: "-76.83295000"
- name: Mannings Hill
  state_code: '02'
  state_name: Saint Andrew
  latitude: '18.07052000'
  longitude: "-76.81288000"
- name: Mannings Hill (Rural)
  state_code: '02'
  state_name: Saint Andrew
  latitude: '18.08169000'
  longitude: "-76.82328000"
- name: Marverley
  state_code: '02'
  state_name: Saint Andrew
  latitude: '18.02676000'
  longitude: "-76.82652000"
- name: Maryland
  state_code: '02'
  state_name: Saint Andrew
  latitude: '18.05166000'
  longitude: "-76.74320000"
- name: Mavis Bank
  state_code: '02'
  state_name: Saint Andrew
  latitude: '18.03333000'
  longitude: "-76.66667000"
- name: Maxfield Park
  state_code: '02'
  state_name: Saint Andrew
  latitude: '17.99937000'
  longitude: "-76.80800000"
- name: Meadowbrook
  state_code: '02'
  state_name: Saint Andrew
  latitude: '18.04708000'
  longitude: "-76.81553000"
- name: Meadowbrook Estate
  state_code: '02'
  state_name: Saint Andrew
  latitude: '18.03738000'
  longitude: "-76.82964000"
- name: Molynes Four Roads
  state_code: '02'
  state_name: Saint Andrew
  latitude: '18.01035000'
  longitude: "-76.81112000"
- name: Molynes Gardens
  state_code: '02'
  state_name: Saint Andrew
  latitude: '18.01980000'
  longitude: "-76.81621000"
- name: Mona Heights
  state_code: '02'
  state_name: Saint Andrew
  latitude: '18.01331000'
  longitude: "-76.75086000"
- name: Mount James
  state_code: '02'
  state_name: Saint Andrew
  latitude: '18.12069000'
  longitude: "-76.77394000"
- name: Mountain View Gardens
  state_code: '02'
  state_name: Saint Andrew
  latitude: '17.99186000'
  longitude: "-76.76070000"
- name: Nannyville
  state_code: '02'
  state_name: Saint Andrew
  latitude: '17.99677000'
  longitude: "-76.76949000"
- name: New Haven
  state_code: '02'
  state_name: Saint Andrew
  latitude: '18.02953000'
  longitude: "-76.85425000"
- name: New Kingston
  state_code: '02'
  state_name: Saint Andrew
  latitude: '18.00747000'
  longitude: "-76.78319000"
- name: Norbrook
  state_code: '02'
  state_name: Saint Andrew
  latitude: '18.05483000'
  longitude: "-76.78498000"
- name: Oaklands
  state_code: '02'
  state_name: Saint Andrew
  latitude: '18.03558000'
  longitude: "-76.79563000"
- name: Papine
  state_code: '02'
  state_name: Saint Andrew
  latitude: '18.01536000'
  longitude: "-76.73868000"
- name: Parks Road
  state_code: '02'
  state_name: Saint Andrew
  latitude: '18.09802000'
  longitude: "-76.85941000"
- name: Patrick City
  state_code: '02'
  state_name: Saint Andrew
  latitude: '18.03185000'
  longitude: "-76.83774000"
- name: Pembroke Hall
  state_code: '02'
  state_name: Saint Andrew
  latitude: '18.03113000'
  longitude: "-76.83003000"
- name: Penwood
  state_code: '02'
  state_name: Saint Andrew
  latitude: '18.01952000'
  longitude: "-76.83094000"
- name: Queensborough/ Tunbridge
  state_code: '02'
  state_name: Saint Andrew
  latitude: '18.04289000'
  longitude: "-76.82119000"
- name: Red Hills (Rural)
  state_code: '02'
  state_name: Saint Andrew
  latitude: '18.06777000'
  longitude: "-76.86093000"
- name: Red Hills Gardens
  state_code: '02'
  state_name: Saint Andrew
  latitude: '18.03000000'
  longitude: "-76.80994000"
- name: Red Hills/ Sterling Castle
  state_code: '02'
  state_name: Saint Andrew
  latitude: '18.05946000'
  longitude: "-76.84028000"
- name: Richmond Park
  state_code: '02'
  state_name: Saint Andrew
  latitude: '18.00560000'
  longitude: "-76.80464000"
- name: Riverton City
  state_code: '02'
  state_name: Saint Andrew
  latitude: '18.01443000'
  longitude: "-76.84897000"
- name: Roehampton
  state_code: '02'
  state_name: Saint Andrew
  latitude: '18.04320000'
  longitude: "-76.80841000"
- name: Rose Town
  state_code: '02'
  state_name: Saint Andrew
  latitude: '17.98697000'
  longitude: "-76.80726000"
- name: Seaview Gardens
  state_code: '02'
  state_name: Saint Andrew
  latitude: '18.00619000'
  longitude: "-76.84106000"
- name: Seaward Pen
  state_code: '02'
  state_name: Saint Andrew
  latitude: '18.01900000'
  longitude: "-76.82368000"
- name: Seymour Lands
  state_code: '02'
  state_name: Saint Andrew
  latitude: '18.01291000'
  longitude: "-76.77706000"
- name: St. Peter's
  state_code: '02'
  state_name: Saint Andrew
  latitude: '18.07881000'
  longitude: "-76.67202000"
- name: Stadium Gardens
  state_code: '02'
  state_name: Saint Andrew
  latitude: '17.99501000'
  longitude: "-76.77644000"
- name: Stony Hill
  state_code: '02'
  state_name: Saint Andrew
  latitude: '18.07916000'
  longitude: "-76.78473000"
- name: Swallowfield
  state_code: '02'
  state_name: Saint Andrew
  latitude: '18.00486000'
  longitude: "-76.77439000"
- name: Temple Hall
  state_code: '02'
  state_name: Saint Andrew
  latitude: '18.10471000'
  longitude: "-76.81818000"
- name: Three Oaks/ Glendale
  state_code: '02'
  state_name: Saint Andrew
  latitude: '18.03128000'
  longitude: "-76.82447000"
- name: Tower Hill
  state_code: '02'
  state_name: Saint Andrew
  latitude: '18.01183000'
  longitude: "-76.82807000"
- name: Trafalgar Park
  state_code: '02'
  state_name: Saint Andrew
  latitude: '18.01280000'
  longitude: "-76.78465000"
- name: Trench Town
  state_code: '02'
  state_name: Saint Andrew
  latitude: '17.98743000'
  longitude: "-76.80118000"
- name: University
  state_code: '02'
  state_name: Saint Andrew
  latitude: '18.00094000'
  longitude: "-76.74769000"
- name: Vineyard Town
  state_code: '02'
  state_name: Saint Andrew
  latitude: '17.98690000'
  longitude: "-76.77059000"
- name: Waltham Gardens
  state_code: '02'
  state_name: Saint Andrew
  latitude: '18.01085000'
  longitude: "-76.82049000"
- name: Washington Gardens
  state_code: '02'
  state_name: Saint Andrew
  latitude: '18.02174000'
  longitude: "-76.84020000"
- name: Waterhouse
  state_code: '02'
  state_name: Saint Andrew
  latitude: '18.01231000'
  longitude: "-76.83505000"
- name: Whitehall
  state_code: '02'
  state_name: Saint Andrew
  latitude: '18.03838000'
  longitude: "-76.80583000"
- name: Whitfield Town
  state_code: '02'
  state_name: Saint Andrew
  latitude: '17.99212000'
  longitude: "-76.80910000"
- name: Wilton Gardens/ Rema
  state_code: '02'
  state_name: Saint Andrew
  latitude: '17.98287000'
  longitude: "-76.80422000"
- name: Woodford
  state_code: '02'
  state_name: Saint Andrew
  latitude: '18.07362000'
  longitude: "-76.74632000"
- name: Woodford Park
  state_code: '02'
  state_name: Saint Andrew
  latitude: '17.98712000'
  longitude: "-76.78117000"
- name: Zaidie Gardens
  state_code: '02'
  state_name: Saint Andrew
  latitude: '18.02566000'
  longitude: "-76.80978000"
- name: Aboukir
  state_code: '06'
  state_name: Saint Ann
  latitude: '18.25090000'
  longitude: "-77.34327000"
- name: Alderton
  state_code: '06'
  state_name: Saint Ann
  latitude: '18.28706000'
  longitude: "-77.20832000"
- name: Alexandria
  state_code: '06'
  state_name: Saint Ann
  latitude: '18.30411000'
  longitude: "-77.35311000"
- name: Alva
  state_code: '06'
  state_name: Saint Ann
  latitude: '18.29679000'
  longitude: "-77.31717000"
- name: Bamboo
  state_code: '06'
  state_name: Saint Ann
  latitude: '18.39216000'
  longitude: "-77.26429000"
- name: Beecher Town
  state_code: '06'
  state_name: Saint Ann
  latitude: '18.38465000'
  longitude: "-77.11617000"
- name: Bensonton
  state_code: '06'
  state_name: Saint Ann
  latitude: '18.22315000'
  longitude: "-77.20861000"
- name: Blackstonedge
  state_code: '06'
  state_name: Saint Ann
  latitude: '18.27357000'
  longitude: "-77.04254000"
- name: Bohemia
  state_code: '06'
  state_name: Saint Ann
  latitude: '18.21239000'
  longitude: "-77.46954000"
- name: Borobridge
  state_code: '06'
  state_name: Saint Ann
  latitude: '18.19779000'
  longitude: "-77.42755000"
- name: Browns Town
  state_code: '06'
  state_name: Saint Ann
  latitude: '18.38464000'
  longitude: "-77.35286000"
- name: Calderwood
  state_code: '06'
  state_name: Saint Ann
  latitude: '18.25641000'
  longitude: "-77.27144000"
- name: Cascade
  state_code: '06'
  state_name: Saint Ann
  latitude: '18.23209000'
  longitude: "-77.46255000"
- name: Cave Valley
  state_code: '06'
  state_name: Saint Ann
  latitude: '18.23268000'
  longitude: "-77.36337000"
- name: Chalky Hill
  state_code: '06'
  state_name: Saint Ann
  latitude: '18.37964000'
  longitude: "-77.17520000"
- name: Chester
  state_code: '06'
  state_name: Saint Ann
  latitude: '18.44786000'
  longitude: "-77.26503000"
- name: Claremont
  state_code: '06'
  state_name: Saint Ann
  latitude: '18.32556000'
  longitude: "-77.20643000"
- name: Cole Gate
  state_code: '06'
  state_name: Saint Ann
  latitude: '18.37967000'
  longitude: "-77.08518000"
- name: Content Garden
  state_code: '06'
  state_name: Saint Ann
  latitude: '18.40977000'
  longitude: "-77.07540000"
- name: Cuffie Ridge
  state_code: '06'
  state_name: Saint Ann
  latitude: '18.22793000'
  longitude: "-77.42054000"
- name: Discovery Bay
  state_code: '06'
  state_name: Saint Ann
  latitude: '18.43725000'
  longitude: "-77.41815000"
- name: Epworth
  state_code: '06'
  state_name: Saint Ann
  latitude: '18.36083000'
  longitude: "-77.13342000"
- name: Exchange
  state_code: '06'
  state_name: Saint Ann
  latitude: '18.37265000'
  longitude: "-77.06572000"
- name: Faith's Pen
  state_code: '06'
  state_name: Saint Ann
  latitude: '18.22963000'
  longitude: "-77.08804000"
- name: Gibraltar
  state_code: '06'
  state_name: Saint Ann
  latitude: '18.35079000'
  longitude: "-77.42142000"
- name: Golden Grove
  state_code: '06'
  state_name: Saint Ann
  latitude: '18.32956000'
  longitude: "-77.12256000"
- name: Great Pond
  state_code: '06'
  state_name: Saint Ann
  latitude: '18.40227000'
  longitude: "-77.08511000"
- name: Higgin Land
  state_code: '06'
  state_name: Saint Ann
  latitude: '18.34119000'
  longitude: "-77.27072000"
- name: Hinds Town
  state_code: '06'
  state_name: Saint Ann
  latitude: '18.35425000'
  longitude: "-77.09812000"
- name: Inverness
  state_code: '06'
  state_name: Saint Ann
  latitude: '18.27531000'
  longitude: "-77.36862000"
- name: Lime Hall
  state_code: '06'
  state_name: Saint Ann
  latitude: '18.39742000'
  longitude: "-77.21051000"
- name: Lime Tree Gardens
  state_code: '06'
  state_name: Saint Ann
  latitude: '18.34545000'
  longitude: "-77.38645000"
- name: Linton Park
  state_code: '06'
  state_name: Saint Ann
  latitude: '18.26081000'
  longitude: "-77.42221000"
- name: Macknie
  state_code: '06'
  state_name: Saint Ann
  latitude: '18.21191000'
  longitude: "-77.28016000"
- name: Madras
  state_code: '06'
  state_name: Saint Ann
  latitude: '18.29112000'
  longitude: "-77.44875000"
- name: Mansfield
  state_code: '06'
  state_name: Saint Ann
  latitude: '18.40265000'
  longitude: "-77.09488000"
- name: Moneague
  state_code: '06'
  state_name: Saint Ann
  latitude: '18.28307000'
  longitude: "-77.13855000"
- name: Mount Moriah
  state_code: '06'
  state_name: Saint Ann
  latitude: '18.20617000'
  longitude: "-77.44094000"
- name: Mount Zion
  state_code: '06'
  state_name: Saint Ann
  latitude: '18.43377000'
  longitude: "-77.28028000"
- name: Ocho Rios
  state_code: '06'
  state_name: Saint Ann
  latitude: '18.40760000'
  longitude: "-77.10312000"
- name: Parry Town
  state_code: '06'
  state_name: Saint Ann
  latitude: '18.38359000'
  longitude: "-77.10345000"
- name: Philadelphia
  state_code: '06'
  state_name: Saint Ann
  latitude: '18.40005000'
  longitude: "-77.32735000"
- name: Pimento Walk
  state_code: '06'
  state_name: Saint Ann
  latitude: '18.39578000'
  longitude: "-77.11383000"
- name: Priory
  state_code: '06'
  state_name: Saint Ann
  latitude: '18.43660000'
  longitude: "-77.24551000"
- name: River Head
  state_code: '06'
  state_name: Saint Ann
  latitude: '18.26030000'
  longitude: "-77.07782000"
- name: Runaway Bay
  state_code: '06'
  state_name: Saint Ann
  latitude: '18.45962000'
  longitude: "-77.33570000"
- name: Saint Ann’s Bay
  state_code: '06'
  state_name: Saint Ann
  latitude: '18.43581000'
  longitude: "-77.20098000"
- name: St. Ann's Bay
  state_code: '06'
  state_name: Saint Ann
  latitude: '18.42989000'
  longitude: "-77.20775000"
- name: St. D'Acre
  state_code: '06'
  state_name: Saint Ann
  latitude: '18.33300000'
  longitude: "-77.36297000"
- name: Steer Town
  state_code: '06'
  state_name: Saint Ann
  latitude: '18.42852000'
  longitude: "-77.17101000"
- name: Sturge Town
  state_code: '06'
  state_name: Saint Ann
  latitude: '18.41631000'
  longitude: "-77.31988000"
- name: Walkers Wood
  state_code: '06'
  state_name: Saint Ann
  latitude: '18.31939000'
  longitude: "-77.07082000"
- name: Watt Town
  state_code: '06'
  state_name: Saint Ann
  latitude: '18.29427000'
  longitude: "-77.41466000"
- name: York Castle
  state_code: '06'
  state_name: Saint Ann
  latitude: '18.27515000'
  longitude: "-77.22923000"
- name: Above Rocks
  state_code: '14'
  state_name: Saint Catherine
  latitude: '18.11432000'
  longitude: "-76.87590000"
- name: Bartons
  state_code: '14'
  state_name: Saint Catherine
  latitude: '18.02895000'
  longitude: "-77.13322000"
- name: Bellas Gate
  state_code: '14'
  state_name: Saint Catherine
  latitude: '18.04715000'
  longitude: "-77.14906000"
- name: Bog Walk
  state_code: '14'
  state_name: Saint Catherine
  latitude: '18.10205000'
  longitude: "-77.00541000"
- name: Bogwalk
  state_code: '14'
  state_name: Saint Catherine
  latitude: '18.10468000'
  longitude: "-76.98792000"
- name: Braeton
  state_code: '14'
  state_name: Saint Catherine
  latitude: '17.94174000'
  longitude: "-76.88635000"
- name: Bridgeport
  state_code: '14'
  state_name: Saint Catherine
  latitude: '17.96264000'
  longitude: "-76.87809000"
- name: Browns Hill
  state_code: '14'
  state_name: Saint Catherine
  latitude: '18.05358000'
  longitude: "-77.11855000"
- name: Caymanas
  state_code: '14'
  state_name: Saint Catherine
  latitude: '18.03824000'
  longitude: "-76.89833000"
- name: Central Village
  state_code: '14'
  state_name: Saint Catherine
  latitude: '17.99992000'
  longitude: "-76.92393000"
- name: Crescent
  state_code: '14'
  state_name: Saint Catherine
  latitude: '18.03621000'
  longitude: "-76.97626000"
- name: Cromarty
  state_code: '14'
  state_name: Saint Catherine
  latitude: '17.95840000'
  longitude: "-76.98457000"
- name: Cumberland
  state_code: '14'
  state_name: Saint Catherine
  latitude: '17.97650000'
  longitude: "-76.88208000"
- name: Edgewater
  state_code: '14'
  state_name: Saint Catherine
  latitude: '17.96448000'
  longitude: "-76.86547000"
- name: Ensom
  state_code: '14'
  state_name: Saint Catherine
  latitude: '18.01778000'
  longitude: "-76.96221000"
- name: Ewarton
  state_code: '14'
  state_name: Saint Catherine
  latitude: '18.18333000'
  longitude: "-77.08536000"
- name: Ginger Ridge
  state_code: '14'
  state_name: Saint Catherine
  latitude: '18.07688000'
  longitude: "-77.16865000"
- name: Glengoffe
  state_code: '14'
  state_name: Saint Catherine
  latitude: '18.15214000'
  longitude: "-76.89057000"
- name: Golden Acres
  state_code: '14'
  state_name: Saint Catherine
  latitude: '18.01950000'
  longitude: "-76.98040000"
- name: Greater Portmore
  state_code: '14'
  state_name: Saint Catherine
  latitude: '17.95228000'
  longitude: "-76.91133000"
- name: Greendale
  state_code: '14'
  state_name: Saint Catherine
  latitude: '18.01251000'
  longitude: "-76.94831000"
- name: Gregory Park
  state_code: '14'
  state_name: Saint Catherine
  latitude: '17.99490000'
  longitude: "-76.88302000"
- name: Hampton Green
  state_code: '14'
  state_name: Saint Catherine
  latitude: '18.00544000'
  longitude: "-76.96818000"
- name: Harewood
  state_code: '14'
  state_name: Saint Catherine
  latitude: '18.17277000'
  longitude: "-76.94395000"
- name: Harkers Hall
  state_code: '14'
  state_name: Saint Catherine
  latitude: '18.13149000'
  longitude: "-76.91350000"
- name: Hellshire
  state_code: '14'
  state_name: Saint Catherine
  latitude: '17.89669000'
  longitude: "-76.96187000"
- name: Independence City
  state_code: '14'
  state_name: Saint Catherine
  latitude: '17.97783000'
  longitude: "-76.87498000"
- name: Keystone
  state_code: '14'
  state_name: Saint Catherine
  latitude: '18.01652000'
  longitude: "-76.93525000"
- name: Kitson Town
  state_code: '14'
  state_name: Saint Catherine
  latitude: '18.03487000'
  longitude: "-77.04028000"
- name: Linstead
  state_code: '14'
  state_name: Saint Catherine
  latitude: '18.13683000'
  longitude: "-77.03171000"
- name: Lluidas Vale
  state_code: '14'
  state_name: Saint Catherine
  latitude: '18.14977000'
  longitude: "-77.16853000"
- name: Naggo Head
  state_code: '14'
  state_name: Saint Catherine
  latitude: '17.96415000'
  longitude: "-76.88820000"
- name: Old Harbour
  state_code: '14'
  state_name: Saint Catherine
  latitude: '17.94144000'
  longitude: "-77.10898000"
- name: Old Harbour Bay
  state_code: '14'
  state_name: Saint Catherine
  latitude: '17.90918000'
  longitude: "-77.09718000"
- name: Old Harbour Road
  state_code: '14'
  state_name: Saint Catherine
  latitude: '17.95797000'
  longitude: "-77.02730000"
- name: Part of Guys Hill
  state_code: '14'
  state_name: Saint Catherine
  latitude: '18.24525000'
  longitude: "-76.99081000"
- name: Part of Keystone
  state_code: '14'
  state_name: Saint Catherine
  latitude: '18.03965000'
  longitude: "-76.95113000"
- name: Part of Rock Hall
  state_code: '14'
  state_name: Saint Catherine
  latitude: '18.09119000'
  longitude: "-76.88804000"
- name: Passage Fort
  state_code: '14'
  state_name: Saint Catherine
  latitude: '17.97788000'
  longitude: "-76.86793000"
- name: Pear Tree Grove
  state_code: '14'
  state_name: Saint Catherine
  latitude: '18.22515000'
  longitude: "-76.95293000"
- name: Point Hill
  state_code: '14'
  state_name: Saint Catherine
  latitude: '18.09361000'
  longitude: "-77.10480000"
- name: Portmore
  state_code: '14'
  state_name: Saint Catherine
  latitude: '17.95032000'
  longitude: "-76.88215000"
- name: Redwood
  state_code: '14'
  state_name: Saint Catherine
  latitude: '18.21026000'
  longitude: "-76.98536000"
- name: Riversdale
  state_code: '14'
  state_name: Saint Catherine
  latitude: '18.17802000'
  longitude: "-76.96636000"
- name: Sligoville
  state_code: '14'
  state_name: Saint Catherine
  latitude: '18.08203000'
  longitude: "-76.93991000"
- name: Spanish Town
  state_code: '14'
  state_name: Saint Catherine
  latitude: '17.99107000'
  longitude: "-76.95742000"
- name: Spanish Town Central
  state_code: '14'
  state_name: Saint Catherine
  latitude: '17.98014000'
  longitude: "-76.92294000"
- name: St. John's East
  state_code: '14'
  state_name: Saint Catherine
  latitude: '18.00090000'
  longitude: "-76.97466000"
- name: St. John's West
  state_code: '14'
  state_name: Saint Catherine
  latitude: '18.00539000'
  longitude: "-77.00755000"
- name: Troja
  state_code: '14'
  state_name: Saint Catherine
  latitude: '18.20485000'
  longitude: "-76.93196000"
- name: Waterford
  state_code: '14'
  state_name: Saint Catherine
  latitude: '17.99340000'
  longitude: "-76.86090000"
- name: Watermount
  state_code: '14'
  state_name: Saint Catherine
  latitude: '18.06686000'
  longitude: "-77.09112000"
- name: West Cumberland
  state_code: '14'
  state_name: Saint Catherine
  latitude: '17.97890000'
  longitude: "-76.88662000"
- name: Willowdene
  state_code: '14'
  state_name: Saint Catherine
  latitude: '17.99189000'
  longitude: "-76.98199000"
- name: Aberdeen
  state_code: '11'
  state_name: Saint Elizabeth
  latitude: '18.20508000'
  longitude: "-77.67932000"
- name: Accompong
  state_code: '11'
  state_name: Saint Elizabeth
  latitude: '18.22985000'
  longitude: "-77.74816000"
- name: Alligator Pond
  state_code: '11'
  state_name: Saint Elizabeth
  latitude: '17.86932000'
  longitude: "-77.56769000"
- name: Balaclava
  state_code: '11'
  state_name: Saint Elizabeth
  latitude: '18.17228000'
  longitude: "-77.64375000"
- name: Ballards  Valley
  state_code: '11'
  state_name: Saint Elizabeth
  latitude: '17.87949000'
  longitude: "-77.63086000"
- name: Barbary Hall
  state_code: '11'
  state_name: Saint Elizabeth
  latitude: '17.96800000'
  longitude: "-77.77961000"
- name: Bigwoods
  state_code: '11'
  state_name: Saint Elizabeth
  latitude: '17.93338000'
  longitude: "-77.71897000"
- name: Black River
  state_code: '11'
  state_name: Saint Elizabeth
  latitude: '18.02636000'
  longitude: "-77.84873000"
- name: Bogue
  state_code: '11'
  state_name: Saint Elizabeth
  latitude: '18.13619000'
  longitude: "-77.66970000"
- name: Braes River
  state_code: '11'
  state_name: Saint Elizabeth
  latitude: '18.09351000'
  longitude: "-77.66487000"
- name: Brighton
  state_code: '11'
  state_name: Saint Elizabeth
  latitude: '18.14836000'
  longitude: "-77.85604000"
- name: Brompton
  state_code: '11'
  state_name: Saint Elizabeth
  latitude: '18.06795000'
  longitude: "-77.88821000"
- name: Bull Savanna
  state_code: '11'
  state_name: Saint Elizabeth
  latitude: '17.88678000'
  longitude: "-77.59022000"
- name: Bull Savannah
  state_code: '11'
  state_name: Saint Elizabeth
  latitude: '17.88056000'
  longitude: "-77.59000000"
- name: Burnt Savannah
  state_code: '11'
  state_name: Saint Elizabeth
  latitude: '18.03177000'
  longitude: "-77.74936000"
- name: Carisbrook
  state_code: '11'
  state_name: Saint Elizabeth
  latitude: '18.14742000'
  longitude: "-77.77367000"
- name: Cotterwood
  state_code: '11'
  state_name: Saint Elizabeth
  latitude: '18.09492000'
  longitude: "-77.91553000"
- name: Crawford
  state_code: '11'
  state_name: Saint Elizabeth
  latitude: '18.05060000'
  longitude: "-77.91596000"
- name: Elderslie
  state_code: '11'
  state_name: Saint Elizabeth
  latitude: '18.22416000'
  longitude: "-77.79381000"
- name: Fullerswood
  state_code: '11'
  state_name: Saint Elizabeth
  latitude: '18.01527000'
  longitude: "-77.77572000"
- name: Giddy Hall
  state_code: '11'
  state_name: Saint Elizabeth
  latitude: '18.09702000'
  longitude: "-77.86764000"
- name: Ginger Hill
  state_code: '11'
  state_name: Saint Elizabeth
  latitude: '18.19180000'
  longitude: "-77.84867000"
- name: Goshen
  state_code: '11'
  state_name: Saint Elizabeth
  latitude: '18.04964000'
  longitude: "-77.64136000"
- name: Holland
  state_code: '11'
  state_name: Saint Elizabeth
  latitude: '18.10358000'
  longitude: "-77.80164000"
- name: Hopeton
  state_code: '11'
  state_name: Saint Elizabeth
  latitude: '17.95626000'
  longitude: "-77.66239000"
- name: Junction
  state_code: '11'
  state_name: Saint Elizabeth
  latitude: '17.91467000'
  longitude: "-77.59894000"
- name: Lacovia
  state_code: '11'
  state_name: Saint Elizabeth
  latitude: '18.08844000'
  longitude: "-77.75350000"
- name: Leeds
  state_code: '11'
  state_name: Saint Elizabeth
  latitude: '18.01399000'
  longitude: "-77.68374000"
- name: Lititz
  state_code: '11'
  state_name: Saint Elizabeth
  latitude: '17.94033000'
  longitude: "-77.59511000"
- name: Maggotty
  state_code: '11'
  state_name: Saint Elizabeth
  latitude: '18.17343000'
  longitude: "-77.76681000"
- name: Malvern
  state_code: '11'
  state_name: Saint Elizabeth
  latitude: '17.96667000'
  longitude: "-77.70000000"
- name: Merrywood
  state_code: '11'
  state_name: Saint Elizabeth
  latitude: '18.21793000'
  longitude: "-77.83773000"
- name: Middle Quarters
  state_code: '11'
  state_name: Saint Elizabeth
  latitude: '18.11455000'
  longitude: "-77.83808000"
- name: Mountainside
  state_code: '11'
  state_name: Saint Elizabeth
  latitude: '17.98077000'
  longitude: "-77.74786000"
- name: Mulgrave
  state_code: '11'
  state_name: Saint Elizabeth
  latitude: '18.21164000'
  longitude: "-77.82018000"
- name: Myersville
  state_code: '11'
  state_name: Saint Elizabeth
  latitude: '17.99699000'
  longitude: "-77.62425000"
- name: Nain
  state_code: '11'
  state_name: Saint Elizabeth
  latitude: '17.96526000'
  longitude: "-77.60528000"
- name: New Market
  state_code: '11'
  state_name: Saint Elizabeth
  latitude: '18.15362000'
  longitude: "-77.90962000"
- name: Newell
  state_code: '11'
  state_name: Saint Elizabeth
  latitude: '17.92103000'
  longitude: "-77.74653000"
- name: Newton
  state_code: '11'
  state_name: Saint Elizabeth
  latitude: '18.11095000'
  longitude: "-77.72352000"
- name: Parottee
  state_code: '11'
  state_name: Saint Elizabeth
  latitude: '17.96174000'
  longitude: "-77.81774000"
- name: Pedro Plains
  state_code: '11'
  state_name: Saint Elizabeth
  latitude: '17.88569000'
  longitude: "-77.71337000"
- name: Pepper
  state_code: '11'
  state_name: Saint Elizabeth
  latitude: '18.02105000'
  longitude: "-77.61284000"
- name: Pisgah
  state_code: '11'
  state_name: Saint Elizabeth
  latitude: '18.19605000'
  longitude: "-77.88671000"
- name: Pondside
  state_code: '11'
  state_name: Saint Elizabeth
  latitude: '17.98153000'
  longitude: "-77.79450000"
- name: Potsdam
  state_code: '11'
  state_name: Saint Elizabeth
  latitude: '17.91872000'
  longitude: "-77.66869000"
- name: Quick Step
  state_code: '11'
  state_name: Saint Elizabeth
  latitude: '18.23281000'
  longitude: "-77.67831000"
- name: Red Bank
  state_code: '11'
  state_name: Saint Elizabeth
  latitude: '17.93776000'
  longitude: "-77.62585000"
- name: Retirement
  state_code: '11'
  state_name: Saint Elizabeth
  latitude: '18.20740000'
  longitude: "-77.76698000"
- name: Rose Hall
  state_code: '11'
  state_name: Saint Elizabeth
  latitude: '17.92654000'
  longitude: "-77.64153000"
- name: Russels
  state_code: '11'
  state_name: Saint Elizabeth
  latitude: '17.98638000'
  longitude: "-77.65065000"
- name: Santa Cruz
  state_code: '11'
  state_name: Saint Elizabeth
  latitude: '18.05336000'
  longitude: "-77.69836000"
- name: Scholefield
  state_code: '11'
  state_name: Saint Elizabeth
  latitude: '18.02375000'
  longitude: "-77.71884000"
- name: Siloah
  state_code: '11'
  state_name: Saint Elizabeth
  latitude: '18.16334000'
  longitude: "-77.71061000"
- name: Slipe
  state_code: '11'
  state_name: Saint Elizabeth
  latitude: '18.05740000'
  longitude: "-77.79687000"
- name: Southfield
  state_code: '11'
  state_name: Saint Elizabeth
  latitude: '17.88212000'
  longitude: "-77.66988000"
- name: Springfield
  state_code: '11'
  state_name: Saint Elizabeth
  latitude: '18.17662000'
  longitude: "-77.87392000"
- name: Thornton
  state_code: '11'
  state_name: Saint Elizabeth
  latitude: '18.19564000'
  longitude: "-77.72246000"
- name: Top Hill
  state_code: '11'
  state_name: Saint Elizabeth
  latitude: '17.89317000'
  longitude: "-77.63793000"
- name: Treasure Beach
  state_code: '11'
  state_name: Saint Elizabeth
  latitude: '17.89550000'
  longitude: "-77.76051000"
- name: Warminister
  state_code: '11'
  state_name: Saint Elizabeth
  latitude: '17.96238000'
  longitude: "-77.63956000"
- name: Watchwell
  state_code: '11'
  state_name: Saint Elizabeth
  latitude: '17.93876000'
  longitude: "-77.77250000"
- name: White Hill
  state_code: '11'
  state_name: Saint Elizabeth
  latitude: '18.15646000'
  longitude: "-77.81067000"
- name: Adelphi
  state_code: '08'
  state_name: Saint James
  latitude: '18.45060000'
  longitude: "-77.78590000"
- name: Albion
  state_code: '08'
  state_name: Saint James
  latitude: '18.48471000'
  longitude: "-77.91408000"
- name: Anchovy
  state_code: '08'
  state_name: Saint James
  latitude: '18.41030000'
  longitude: "-77.93166000"
- name: Arcadia
  state_code: '08'
  state_name: Saint James
  latitude: '18.24993000'
  longitude: "-77.79228000"
- name: Barrett Town
  state_code: '08'
  state_name: Saint James
  latitude: '18.50871000'
  longitude: "-77.79625000"
- name: Bickersteth
  state_code: '08'
  state_name: Saint James
  latitude: '18.36335000'
  longitude: "-77.93651000"
- name: Bogue
  state_code: '08'
  state_name: Saint James
  latitude: '18.43722000'
  longitude: "-77.92022000"
- name: Brandon Hill
  state_code: '08'
  state_name: Saint James
  latitude: '18.47767000'
  longitude: "-77.91117000"
- name: Cambridge
  state_code: '08'
  state_name: Saint James
  latitude: '18.31308000'
  longitude: "-77.89546000"
- name: Canterbury
  state_code: '08'
  state_name: Saint James
  latitude: '18.47919000'
  longitude: "-77.91655000"
- name: Catadupa
  state_code: '08'
  state_name: Saint James
  latitude: '18.28052000'
  longitude: "-77.86579000"
- name: Catherine Hall
  state_code: '08'
  state_name: Saint James
  latitude: '18.46258000'
  longitude: "-77.92286000"
- name: Catherine Mount
  state_code: '08'
  state_name: Saint James
  latitude: '18.45672000'
  longitude: "-77.89691000"
- name: Comfort Hall
  state_code: '08'
  state_name: Saint James
  latitude: '18.41270000'
  longitude: "-77.91814000"
- name: Coral Gardens
  state_code: '08'
  state_name: Saint James
  latitude: '18.50791000'
  longitude: "-77.88034000"
- name: Cornwall
  state_code: '08'
  state_name: Saint James
  latitude: '18.48930000'
  longitude: "-77.81016000"
- name: Down Town Montego Bay
  state_code: '08'
  state_name: Saint James
  latitude: '18.47726000'
  longitude: "-77.92031000"
- name: Dumfries
  state_code: '08'
  state_name: Saint James
  latitude: '18.42973000'
  longitude: "-77.75593000"
- name: Fairfield
  state_code: '08'
  state_name: Saint James
  latitude: '18.45079000'
  longitude: "-77.91235000"
- name: Farm Heights
  state_code: '08'
  state_name: Saint James
  latitude: '18.46869000'
  longitude: "-77.87760000"
- name: Flagstaff
  state_code: '08'
  state_name: Saint James
  latitude: '18.35412000'
  longitude: "-77.77132000"
- name: Flamstead
  state_code: '08'
  state_name: Saint James
  latitude: '18.31409000'
  longitude: "-77.81316000"
- name: Flankers
  state_code: '08'
  state_name: Saint James
  latitude: '18.50265000'
  longitude: "-77.90831000"
- name: Flower Hill
  state_code: '08'
  state_name: Saint James
  latitude: '18.48426000'
  longitude: "-77.83913000"
- name: Friendship
  state_code: '08'
  state_name: Saint James
  latitude: '18.44590000'
  longitude: "-77.86242000"
- name: Garlands
  state_code: '08'
  state_name: Saint James
  latitude: '18.27811000'
  longitude: "-77.78908000"
- name: Glendevon
  state_code: '08'
  state_name: Saint James
  latitude: '18.48488000'
  longitude: "-77.89710000"
- name: Goodwill
  state_code: '08'
  state_name: Saint James
  latitude: '18.46950000'
  longitude: "-77.75646000"
- name: Granville
  state_code: '08'
  state_name: Saint James
  latitude: '18.44191000'
  longitude: "-77.89402000"
- name: Green Pond
  state_code: '08'
  state_name: Saint James
  latitude: '18.47361000'
  longitude: "-77.87779000"
- name: Greenwood
  state_code: '08'
  state_name: Saint James
  latitude: '18.49768000'
  longitude: "-77.75243000"
- name: Hopeton
  state_code: '08'
  state_name: Saint James
  latitude: '18.39858000'
  longitude: "-77.86826000"
- name: Ironshore
  state_code: '08'
  state_name: Saint James
  latitude: '18.51323000'
  longitude: "-77.85108000"
- name: Irwin
  state_code: '08'
  state_name: Saint James
  latitude: '18.44949000'
  longitude: "-77.87722000"
- name: John's Hall
  state_code: '08'
  state_name: Saint James
  latitude: '18.42849000'
  longitude: "-77.85010000"
- name: Lilliput
  state_code: '08'
  state_name: Saint James
  latitude: '18.50591000'
  longitude: "-77.77686000"
- name: Lottery
  state_code: '08'
  state_name: Saint James
  latitude: '18.41499000'
  longitude: "-77.80696000"
- name: Maldon
  state_code: '08'
  state_name: Saint James
  latitude: '18.33831000'
  longitude: "-77.80998000"
- name: Maroon Town
  state_code: '08'
  state_name: Saint James
  latitude: '18.34464000'
  longitude: "-77.79544000"
- name: Mocho
  state_code: '08'
  state_name: Saint James
  latitude: '18.29135000'
  longitude: "-77.82580000"
- name: Montego Bay
  state_code: '08'
  state_name: Saint James
  latitude: '18.47116000'
  longitude: "-77.91883000"
- name: Montego Hill
  state_code: '08'
  state_name: Saint James
  latitude: '18.48038000'
  longitude: "-77.88150000"
- name: Montpelier
  state_code: '08'
  state_name: Saint James
  latitude: '18.37612000'
  longitude: "-77.91357000"
- name: Mount Carey
  state_code: '08'
  state_name: Saint James
  latitude: '18.38888000'
  longitude: "-77.94374000"
- name: Mount Horeb
  state_code: '08'
  state_name: Saint James
  latitude: '18.33322000'
  longitude: "-77.86675000"
- name: Mount Salem
  state_code: '08'
  state_name: Saint James
  latitude: '18.46601000'
  longitude: "-77.90793000"
- name: Niagara
  state_code: '08'
  state_name: Saint James
  latitude: '18.26534000'
  longitude: "-77.81879000"
- name: Norwood
  state_code: '08'
  state_name: Saint James
  latitude: '18.49217000'
  longitude: "-77.88634000"
- name: Orange
  state_code: '08'
  state_name: Saint James
  latitude: '18.45395000'
  longitude: "-77.82779000"
- name: Paradise
  state_code: '08'
  state_name: Saint James
  latitude: '18.49401000'
  longitude: "-77.90982000"
- name: Pitfour
  state_code: '08'
  state_name: Saint James
  latitude: '18.43206000'
  longitude: "-77.89007000"
- name: Porto Bello
  state_code: '08'
  state_name: Saint James
  latitude: '18.46607000'
  longitude: "-77.86989000"
- name: Reading
  state_code: '08'
  state_name: Saint James
  latitude: '18.43723000'
  longitude: "-77.94730000"
- name: Retirement
  state_code: '08'
  state_name: Saint James
  latitude: '18.43742000'
  longitude: "-77.88004000"
- name: Retrieve
  state_code: '08'
  state_name: Saint James
  latitude: '18.28901000'
  longitude: "-77.90081000"
- name: Roehampton
  state_code: '08'
  state_name: Saint James
  latitude: '18.39897000'
  longitude: "-77.89926000"
- name: Rose Hall
  state_code: '08'
  state_name: Saint James
  latitude: '18.51228000'
  longitude: "-77.81833000"
- name: Rose Heights
  state_code: '08'
  state_name: Saint James
  latitude: '18.46945000'
  longitude: "-77.89533000"
- name: Rose Mount Garden
  state_code: '08'
  state_name: Saint James
  latitude: '18.46394000'
  longitude: "-77.89397000"
- name: Rosemount
  state_code: '08'
  state_name: Saint James
  latitude: '18.47484000'
  longitude: "-77.89216000"
- name: Salt Spring
  state_code: '08'
  state_name: Saint James
  latitude: '18.48687000'
  longitude: "-77.86554000"
- name: Seven Rivers
  state_code: '08'
  state_name: Saint James
  latitude: '18.34702000'
  longitude: "-77.91378000"
- name: Somerton
  state_code: '08'
  state_name: Saint James
  latitude: '18.40496000'
  longitude: "-77.77071000"
- name: Spot Valley
  state_code: '08'
  state_name: Saint James
  latitude: '18.47869000'
  longitude: "-77.79106000"
- name: Stonehenge
  state_code: '08'
  state_name: Saint James
  latitude: '18.24231000'
  longitude: "-77.85042000"
- name: Summer Hill
  state_code: '08'
  state_name: Saint James
  latitude: '18.37360000'
  longitude: "-77.79350000"
- name: Sunderland
  state_code: '08'
  state_name: Saint James
  latitude: '18.39794000'
  longitude: "-77.82734000"
- name: Tangle River
  state_code: '08'
  state_name: Saint James
  latitude: '18.34337000'
  longitude: "-77.83621000"
- name: Tower Hill/Moy Hall
  state_code: '08'
  state_name: Saint James
  latitude: '18.44044000'
  longitude: "-77.96022000"
- name: Tucker
  state_code: '08'
  state_name: Saint James
  latitude: '18.44900000'
  longitude: "-77.89438000"
- name: Unity Hall
  state_code: '08'
  state_name: Saint James
  latitude: '18.43304000'
  longitude: "-77.97684000"
- name: Vaughnsfield
  state_code: '08'
  state_name: Saint James
  latitude: '18.32135000'
  longitude: "-77.78051000"
- name: Welcome Hall
  state_code: '08'
  state_name: Saint James
  latitude: '18.36898000'
  longitude: "-77.83673000"
- name: West Green
  state_code: '08'
  state_name: Saint James
  latitude: '18.46244000'
  longitude: "-77.91757000"
- name: Amiel Town
  state_code: '05'
  state_name: Saint Mary
  latitude: '18.34027000'
  longitude: "-76.97612000"
- name: Annotto Bay
  state_code: '05'
  state_name: Saint Mary
  latitude: '18.27170000'
  longitude: "-76.76523000"
- name: Baileys Vale
  state_code: '05'
  state_name: Saint Mary
  latitude: '18.34527000'
  longitude: "-76.92593000"
- name: Baxter Mountain
  state_code: '05'
  state_name: Saint Mary
  latitude: '18.20405000'
  longitude: "-76.77198000"
- name: Belfield
  state_code: '05'
  state_name: Saint Mary
  latitude: '18.27347000'
  longitude: "-76.83574000"
- name: Bonnygate
  state_code: '05'
  state_name: Saint Mary
  latitude: '18.32869000'
  longitude: "-76.94606000"
- name: Brainerd
  state_code: '05'
  state_name: Saint Mary
  latitude: '18.16988000'
  longitude: "-76.86890000"
- name: Broadgate
  state_code: '05'
  state_name: Saint Mary
  latitude: '18.22847000'
  longitude: "-76.80788000"
- name: Camberwell
  state_code: '05'
  state_name: Saint Mary
  latitude: '18.23930000'
  longitude: "-76.78088000"
- name: Carron Hall
  state_code: '05'
  state_name: Saint Mary
  latitude: '18.27797000'
  longitude: "-76.95246000"
- name: Castleton
  state_code: '05'
  state_name: Saint Mary
  latitude: '18.17618000'
  longitude: "-76.78340000"
- name: Charles Town
  state_code: '05'
  state_name: Saint Mary
  latitude: '18.38918000'
  longitude: "-77.03978000"
- name: Clonmel
  state_code: '05'
  state_name: Saint Mary
  latitude: '18.24281000'
  longitude: "-76.83137000"
- name: Devon Pen
  state_code: '05'
  state_name: Saint Mary
  latitude: '18.21561000'
  longitude: "-76.82440000"
- name: Dover
  state_code: '05'
  state_name: Saint Mary
  latitude: '18.25534000'
  longitude: "-76.70811000"
- name: Enfield
  state_code: '05'
  state_name: Saint Mary
  latitude: '18.22036000'
  longitude: "-76.73745000"
- name: Epson
  state_code: '05'
  state_name: Saint Mary
  latitude: '18.25220000'
  longitude: "-76.72641000"
- name: Flint River
  state_code: '05'
  state_name: Saint Mary
  latitude: '18.23790000'
  longitude: "-76.92173000"
- name: Free Hill
  state_code: '05'
  state_name: Saint Mary
  latitude: '18.35439000'
  longitude: "-76.94317000"
- name: Friendship Gap
  state_code: '05'
  state_name: Saint Mary
  latitude: '18.19719000'
  longitude: "-76.81960000"
- name: Galina
  state_code: '05'
  state_name: Saint Mary
  latitude: '18.40265000'
  longitude: "-76.90041000"
- name: Gayle
  state_code: '05'
  state_name: Saint Mary
  latitude: '18.34278000'
  longitude: "-77.00211000"
- name: Guys Hill
  state_code: '05'
  state_name: Saint Mary
  latitude: '18.26243000'
  longitude: "-76.99561000"
- name: Hampstead
  state_code: '05'
  state_name: Saint Mary
  latitude: '18.32051000'
  longitude: "-76.90477000"
- name: Highgate
  state_code: '05'
  state_name: Saint Mary
  latitude: '18.27739000'
  longitude: "-76.89554000"
- name: Islington
  state_code: '05'
  state_name: Saint Mary
  latitude: '18.32160000'
  longitude: "-76.84102000"
- name: Jacks River
  state_code: '05'
  state_name: Saint Mary
  latitude: '18.37220000'
  longitude: "-76.94101000"
- name: Jeffery Town
  state_code: '05'
  state_name: Saint Mary
  latitude: '18.28956000'
  longitude: "-77.00343000"
- name: Labyrinth
  state_code: '05'
  state_name: Saint Mary
  latitude: '18.34419000'
  longitude: "-77.03227000"
- name: Long Road
  state_code: '05'
  state_name: Saint Mary
  latitude: '18.21337000'
  longitude: "-76.75009000"
- name: Lucky Hill
  state_code: '05'
  state_name: Saint Mary
  latitude: '18.30252000'
  longitude: "-77.01678000"
- name: Mango Valley
  state_code: '05'
  state_name: Saint Mary
  latitude: '18.37481000'
  longitude: "-76.97694000"
- name: Martin
  state_code: '05'
  state_name: Saint Mary
  latitude: '18.30118000'
  longitude: "-76.87257000"
- name: Mason Hall
  state_code: '05'
  state_name: Saint Mary
  latitude: '18.39662000'
  longitude: "-76.92063000"
- name: Mile Gully
  state_code: '05'
  state_name: Saint Mary
  latitude: '18.31801000'
  longitude: "-76.96051000"
- name: Oracabessa
  state_code: '05'
  state_name: Saint Mary
  latitude: '18.40319000'
  longitude: "-76.94641000"
- name: Port Maria
  state_code: '05'
  state_name: Saint Mary
  latitude: '18.36849000'
  longitude: "-76.88946000"
- name: Prospect
  state_code: '05'
  state_name: Saint Mary
  latitude: '18.41273000'
  longitude: "-77.04119000"
- name: Retreat
  state_code: '05'
  state_name: Saint Mary
  latitude: '18.37865000'
  longitude: "-77.01590000"
- name: Richmond
  state_code: '05'
  state_name: Saint Mary
  latitude: '18.21113000'
  longitude: "-76.88301000"
- name: Robins Bay
  state_code: '05'
  state_name: Saint Mary
  latitude: '18.31236000'
  longitude: "-76.81783000"
- name: Sandside
  state_code: '05'
  state_name: Saint Mary
  latitude: '18.33888000'
  longitude: "-76.89551000"
- name: Scotts Hall
  state_code: '05'
  state_name: Saint Mary
  latitude: '18.19083000'
  longitude: "-76.83942000"
- name: Woodpark
  state_code: '05'
  state_name: Saint Mary
  latitude: '18.29734000'
  longitude: "-76.98114000"
- name: Woodside
  state_code: '05'
  state_name: Saint Mary
  latitude: '18.25258000'
  longitude: "-76.92679000"
- name: Airy Castle
  state_code: '03'
  state_name: Saint Thomas
  latitude: '17.92506000'
  longitude: "-76.34216000"
- name: Albion
  state_code: '03'
  state_name: Saint Thomas
  latitude: '17.90119000'
  longitude: "-76.60761000"
- name: Amity Hall
  state_code: '03'
  state_name: Saint Thomas
  latitude: '17.96759000'
  longitude: "-76.25698000"
- name: Arcadia
  state_code: '03'
  state_name: Saint Thomas
  latitude: '17.92230000'
  longitude: "-76.30030000"
- name: Baptist
  state_code: '03'
  state_name: Saint Thomas
  latitude: '17.87666000'
  longitude: "-76.57837000"
- name: Barking Lodge
  state_code: '03'
  state_name: Saint Thomas
  latitude: '17.89279000'
  longitude: "-76.28922000"
- name: Bath
  state_code: '03'
  state_name: Saint Thomas
  latitude: '17.94820000'
  longitude: "-76.34916000"
- name: Bethel
  state_code: '03'
  state_name: Saint Thomas
  latitude: '17.98527000'
  longitude: "-76.58050000"
- name: Cedar Valley
  state_code: '03'
  state_name: Saint Thomas
  latitude: '18.02815000'
  longitude: "-76.59556000"
- name: Church Corner
  state_code: '03'
  state_name: Saint Thomas
  latitude: '17.88718000'
  longitude: "-76.41898000"
- name: Dalvey
  state_code: '03'
  state_name: Saint Thomas
  latitude: '17.90241000'
  longitude: "-76.25001000"
- name: Danvers Pen
  state_code: '03'
  state_name: Saint Thomas
  latitude: '17.92880000'
  longitude: "-76.47586000"
- name: Duckenfield
  state_code: '03'
  state_name: Saint Thomas
  latitude: '17.92205000'
  longitude: "-76.22657000"
- name: Duhaney Pen
  state_code: '03'
  state_name: Saint Thomas
  latitude: '17.89402000'
  longitude: "-76.43193000"
- name: Easington
  state_code: '03'
  state_name: Saint Thomas
  latitude: '17.92397000'
  longitude: "-76.58824000"
- name: Eleven Miles
  state_code: '03'
  state_name: Saint Thomas
  latitude: '17.93745000'
  longitude: "-76.64337000"
- name: Font Hill
  state_code: '03'
  state_name: Saint Thomas
  latitude: '17.94055000'
  longitude: "-76.51169000"
- name: Golden Grove
  state_code: '03'
  state_name: Saint Thomas
  latitude: '17.93361000'
  longitude: "-76.27254000"
- name: Hagley Gap
  state_code: '03'
  state_name: Saint Thomas
  latitude: '18.04845000'
  longitude: "-76.62777000"
- name: Hampton Court
  state_code: '03'
  state_name: Saint Thomas
  latitude: '17.91782000'
  longitude: "-76.26131000"
- name: Hayfield
  state_code: '03'
  state_name: Saint Thomas
  latitude: '17.98199000'
  longitude: "-76.36841000"
- name: Hillside
  state_code: '03'
  state_name: Saint Thomas
  latitude: '17.99619000'
  longitude: "-76.49082000"
- name: Johns Town
  state_code: '03'
  state_name: Saint Thomas
  latitude: '17.89659000'
  longitude: "-76.36136000"
- name: Johnson Mountain
  state_code: '03'
  state_name: Saint Thomas
  latitude: '17.98091000'
  longitude: "-76.31986000"
- name: Jones Pen
  state_code: '03'
  state_name: Saint Thomas
  latitude: '17.95068000'
  longitude: "-76.54775000"
- name: Leith Hall
  state_code: '03'
  state_name: Saint Thomas
  latitude: '17.87973000'
  longitude: "-76.34331000"
- name: Llandewey
  state_code: '03'
  state_name: Saint Thomas
  latitude: '17.94477000'
  longitude: "-76.62245000"
- name: Lloyds
  state_code: '03'
  state_name: Saint Thomas
  latitude: '17.91504000'
  longitude: "-76.54085000"
- name: Lyssons
  state_code: '03'
  state_name: Saint Thomas
  latitude: '17.88708000'
  longitude: "-76.37961000"
- name: Middleton
  state_code: '03'
  state_name: Saint Thomas
  latitude: '17.93971000'
  longitude: "-76.43558000"
- name: Morant Bay
  state_code: '03'
  state_name: Saint Thomas
  latitude: '17.88145000'
  longitude: "-76.40927000"
- name: Mount Lebanus
  state_code: '03'
  state_name: Saint Thomas
  latitude: '17.97544000'
  longitude: "-76.53891000"
- name: New Monkland
  state_code: '03'
  state_name: Saint Thomas
  latitude: '17.99158000'
  longitude: "-76.57333000"
- name: Pamphret
  state_code: '03'
  state_name: Saint Thomas
  latitude: '17.87570000'
  longitude: "-76.51736000"
- name: Pear Tree
  state_code: '03'
  state_name: Saint Thomas
  latitude: '17.91162000'
  longitude: "-76.31676000"
- name: Poormans Corner
  state_code: '03'
  state_name: Saint Thomas
  latitude: '17.89152000'
  longitude: "-76.58351000"
- name: Port Morant
  state_code: '03'
  state_name: Saint Thomas
  latitude: '17.89947000'
  longitude: "-76.34286000"
- name: Prospect
  state_code: '03'
  state_name: Saint Thomas
  latitude: '17.87404000'
  longitude: "-76.34956000"
- name: Ramble
  state_code: '03'
  state_name: Saint Thomas
  latitude: '17.96791000'
  longitude: "-76.62630000"
- name: Retreat
  state_code: '03'
  state_name: Saint Thomas
  latitude: '17.87760000'
  longitude: "-76.36795000"
- name: Richmond Vale
  state_code: '03'
  state_name: Saint Thomas
  latitude: '17.97435000'
  longitude: "-76.59044000"
- name: River Head
  state_code: '03'
  state_name: Saint Thomas
  latitude: '17.99237000'
  longitude: "-76.61082000"
- name: Rowlandsfield
  state_code: '03'
  state_name: Saint Thomas
  latitude: '17.97355000'
  longitude: "-76.28781000"
- name: Seaforth
  state_code: '03'
  state_name: Saint Thomas
  latitude: '17.94421000'
  longitude: "-76.45661000"
- name: Somerset
  state_code: '03'
  state_name: Saint Thomas
  latitude: '18.00976000'
  longitude: "-76.54595000"
- name: Spring Bank
  state_code: '03'
  state_name: Saint Thomas
  latitude: '17.95995000'
  longitude: "-76.32596000"
- name: Spring Garden
  state_code: '03'
  state_name: Saint Thomas
  latitude: '17.91749000'
  longitude: "-76.42978000"
- name: Sunning Hill
  state_code: '03'
  state_name: Saint Thomas
  latitude: '17.95612000'
  longitude: "-76.40931000"
- name: Trinity Ville
  state_code: '03'
  state_name: Saint Thomas
  latitude: '17.96076000'
  longitude: "-76.51427000"
- name: Trinityville
  state_code: '03'
  state_name: Saint Thomas
  latitude: '17.95720000'
  longitude: "-76.49420000"
- name: Wheelerfield
  state_code: '03'
  state_name: Saint Thomas
  latitude: '17.95874000'
  longitude: "-76.29623000"
- name: White Hall
  state_code: '03'
  state_name: Saint Thomas
  latitude: '17.99805000'
  longitude: "-76.43105000"
- name: White Horses
  state_code: '03'
  state_name: Saint Thomas
  latitude: '17.89620000'
  longitude: "-76.47076000"
- name: Wilmington
  state_code: '03'
  state_name: Saint Thomas
  latitude: '17.92856000'
  longitude: "-76.38962000"
- name: Winchester
  state_code: '03'
  state_name: Saint Thomas
  latitude: '17.94177000'
  longitude: "-76.29823000"
- name: Yallahs
  state_code: '03'
  state_name: Saint Thomas
  latitude: '17.87480000'
  longitude: "-76.56245000"
- name: York
  state_code: '03'
  state_name: Saint Thomas
  latitude: '17.92849000'
  longitude: "-76.43983000"
- name: Albert Town
  state_code: '07'
  state_name: Trelawny
  latitude: '18.29434000'
  longitude: "-77.54239000"
- name: Alps
  state_code: '07'
  state_name: Trelawny
  latitude: '18.35498000'
  longitude: "-77.50897000"
- name: Bounty Hall
  state_code: '07'
  state_name: Trelawny
  latitude: '18.45801000'
  longitude: "-77.71663000"
- name: Brampton
  state_code: '07'
  state_name: Trelawny
  latitude: '18.44262000'
  longitude: "-77.46424000"
- name: Bunkers Hill
  state_code: '07'
  state_name: Trelawny
  latitude: '18.36198000'
  longitude: "-77.68612000"
- name: Clarks Town
  state_code: '07'
  state_name: Trelawny
  latitude: '18.42244000'
  longitude: "-77.53328000"
- name: Daniel Town
  state_code: '07'
  state_name: Trelawny
  latitude: '18.46395000'
  longitude: "-77.61592000"
- name: Deeside
  state_code: '07'
  state_name: Trelawny
  latitude: '18.35976000'
  longitude: "-77.73721000"
- name: Duanvale
  state_code: '07'
  state_name: Trelawny
  latitude: '18.40267000'
  longitude: "-77.59615000"
- name: Duncans
  state_code: '07'
  state_name: Trelawny
  latitude: '18.46800000'
  longitude: "-77.53633000"
- name: Falmouth
  state_code: '07'
  state_name: Trelawny
  latitude: '18.49358000'
  longitude: "-77.65587000"
- name: Freemans Hall
  state_code: '07'
  state_name: Trelawny
  latitude: '18.28384000'
  longitude: "-77.50180000"
- name: Granville
  state_code: '07'
  state_name: Trelawny
  latitude: '18.45053000'
  longitude: "-77.68847000"
- name: Hampden
  state_code: '07'
  state_name: Trelawny
  latitude: '18.44217000'
  longitude: "-77.73203000"
- name: Jackson Town
  state_code: '07'
  state_name: Trelawny
  latitude: '18.41781000'
  longitude: "-77.48458000"
- name: Joe Hut
  state_code: '07'
  state_name: Trelawny
  latitude: '18.26742000'
  longitude: "-77.49616000"
- name: Kinloss
  state_code: '07'
  state_name: Trelawny
  latitude: '18.39641000'
  longitude: "-77.56968000"
- name: Lorrimers
  state_code: '07'
  state_name: Trelawny
  latitude: '18.23026000'
  longitude: "-77.49207000"
- name: Martha Brae
  state_code: '07'
  state_name: Trelawny
  latitude: '18.46960000'
  longitude: "-77.65909000"
- name: Perth Town
  state_code: '07'
  state_name: Trelawny
  latitude: '18.43106000'
  longitude: "-77.62583000"
- name: Refuge
  state_code: '07'
  state_name: Trelawny
  latitude: '18.45101000'
  longitude: "-77.57751000"
- name: Rio Bueno
  state_code: '07'
  state_name: Trelawny
  latitude: '18.46406000'
  longitude: "-77.48042000"
- name: Salt Marsh
  state_code: '07'
  state_name: Trelawny
  latitude: '18.48423000'
  longitude: "-77.71184000"
- name: Samuels Prospect
  state_code: '07'
  state_name: Trelawny
  latitude: '18.45103000'
  longitude: "-77.51440000"
- name: Sawyers
  state_code: '07'
  state_name: Trelawny
  latitude: '18.37880000'
  longitude: "-77.49689000"
- name: Sherwood Content
  state_code: '07'
  state_name: Trelawny
  latitude: '18.38227000'
  longitude: "-77.63643000"
- name: Spicy Hill
  state_code: '07'
  state_name: Trelawny
  latitude: '18.45763000'
  longitude: "-77.54751000"
- name: Spring Garden
  state_code: '07'
  state_name: Trelawny
  latitude: '18.29368000'
  longitude: "-77.56698000"
- name: St. Vincent
  state_code: '07'
  state_name: Trelawny
  latitude: '18.33424000'
  longitude: "-77.54790000"
- name: Stettin
  state_code: '07'
  state_name: Trelawny
  latitude: '18.28224000'
  longitude: "-77.54095000"
- name: Stewart Town
  state_code: '07'
  state_name: Trelawny
  latitude: '18.39887000'
  longitude: "-77.45187000"
- name: Troy
  state_code: '07'
  state_name: Trelawny
  latitude: '18.24924000'
  longitude: "-77.60978000"
- name: Ulster Spring
  state_code: '07'
  state_name: Trelawny
  latitude: '18.32113000'
  longitude: "-77.49681000"
- name: Wait-A-Bit
  state_code: '07'
  state_name: Trelawny
  latitude: '18.25332000'
  longitude: "-77.50837000"
- name: Wakefield
  state_code: '07'
  state_name: Trelawny
  latitude: '18.41460000'
  longitude: "-77.70908000"
- name: Warsop
  state_code: '07'
  state_name: Trelawny
  latitude: '18.26178000'
  longitude: "-77.56774000"
- name: Wilson's Run
  state_code: '07'
  state_name: Trelawny
  latitude: '18.28468000'
  longitude: "-77.69323000"
- name: Wirefence
  state_code: '07'
  state_name: Trelawny
  latitude: '18.25310000'
  longitude: "-77.53276000"
- name: 12th Street
  state_code: '10'
  state_name: Westmoreland
  latitude: '18.21097000'
  longitude: "-78.13603000"
- name: Amity
  state_code: '10'
  state_name: Westmoreland
  latitude: '18.27361000'
  longitude: "-77.89805000"
- name: Ashton
  state_code: '10'
  state_name: Westmoreland
  latitude: '18.23139000'
  longitude: "-77.92074000"
- name: Barneyside
  state_code: '10'
  state_name: Westmoreland
  latitude: '18.27670000'
  longitude: "-77.96964000"
- name: Bath
  state_code: '10'
  state_name: Westmoreland
  latitude: '18.25734000'
  longitude: "-78.11751000"
- name: Bath Mountain
  state_code: '10'
  state_name: Westmoreland
  latitude: '18.34428000'
  longitude: "-78.09928000"
- name: Beaufort
  state_code: '10'
  state_name: Westmoreland
  latitude: '18.23417000'
  longitude: "-77.95007000"
- name: Beeston Spring
  state_code: '10'
  state_name: Westmoreland
  latitude: '18.16012000'
  longitude: "-77.97545000"
- name: Belvedere
  state_code: '10'
  state_name: Westmoreland
  latitude: '18.25219000'
  longitude: "-77.93208000"
- name: Berkshire
  state_code: '10'
  state_name: Westmoreland
  latitude: '18.21293000'
  longitude: "-77.90373000"
- name: Bethel Town
  state_code: '10'
  state_name: Westmoreland
  latitude: '18.29503000'
  longitude: "-77.95112000"
- name: Big Bridge
  state_code: '10'
  state_name: Westmoreland
  latitude: '18.23318000'
  longitude: "-78.16717000"
- name: Bluefields
  state_code: '10'
  state_name: Westmoreland
  latitude: '18.16602000'
  longitude: "-78.02702000"
- name: Bog
  state_code: '10'
  state_name: Westmoreland
  latitude: '18.15631000'
  longitude: "-77.94364000"
- name: Broughton
  state_code: '10'
  state_name: Westmoreland
  latitude: '18.21747000'
  longitude: "-78.22894000"
- name: Burnt Savannah
  state_code: '10'
  state_name: Westmoreland
  latitude: '18.31676000'
  longitude: "-78.12628000"
- name: Cairn Curran
  state_code: '10'
  state_name: Westmoreland
  latitude: '18.22840000'
  longitude: "-78.01130000"
- name: Caledonia
  state_code: '10'
  state_name: Westmoreland
  latitude: '18.25866000'
  longitude: "-78.01173000"
- name: Carmel
  state_code: '10'
  state_name: Westmoreland
  latitude: '18.17326000'
  longitude: "-77.93929000"
- name: Cave
  state_code: '10'
  state_name: Westmoreland
  latitude: '18.21019000'
  longitude: "-78.04070000"
- name: Chantilly
  state_code: '10'
  state_name: Westmoreland
  latitude: '18.23059000'
  longitude: "-78.12462000"
- name: Content
  state_code: '10'
  state_name: Westmoreland
  latitude: '18.18288000'
  longitude: "-77.99915000"
- name: Cornwall Mountian
  state_code: '10'
  state_name: Westmoreland
  latitude: '18.28722000'
  longitude: "-77.98674000"
- name: Darliston
  state_code: '10'
  state_name: Westmoreland
  latitude: '18.23731000'
  longitude: "-77.97626000"
- name: Delveland
  state_code: '10'
  state_name: Westmoreland
  latitude: '18.29709000'
  longitude: "-78.23962000"
- name: Dillion Bigwoods
  state_code: '10'
  state_name: Westmoreland
  latitude: '18.20944000'
  longitude: "-77.99078000"
- name: Dundee
  state_code: '10'
  state_name: Westmoreland
  latitude: '18.23679000'
  longitude: "-77.88698000"
- name: Enfield
  state_code: '10'
  state_name: Westmoreland
  latitude: '18.21404000'
  longitude: "-77.95270000"
- name: Ferris
  state_code: '10'
  state_name: Westmoreland
  latitude: '18.22265000'
  longitude: "-78.05588000"
- name: Fort Williams
  state_code: '10'
  state_name: Westmoreland
  latitude: '18.29834000'
  longitude: "-78.06331000"
- name: Frome
  state_code: '10'
  state_name: Westmoreland
  latitude: '18.27974000'
  longitude: "-78.14903000"
- name: Fullersfield
  state_code: '10'
  state_name: Westmoreland
  latitude: '18.29890000'
  longitude: "-78.19976000"
- name: Georges Plain
  state_code: '10'
  state_name: Westmoreland
  latitude: '18.27650000'
  longitude: "-78.13118000"
- name: Gooden's River
  state_code: '10'
  state_name: Westmoreland
  latitude: '18.24223000'
  longitude: "-78.12840000"
- name: Grange
  state_code: '10'
  state_name: Westmoreland
  latitude: '18.33161000'
  longitude: "-78.08036000"
- name: Grange Hill
  state_code: '10'
  state_name: Westmoreland
  latitude: '18.33083000'
  longitude: "-78.18398000"
- name: Haddo
  state_code: '10'
  state_name: Westmoreland
  latitude: '18.28606000'
  longitude: "-78.01893000"
- name: Harmony Town
  state_code: '10'
  state_name: Westmoreland
  latitude: '18.21987000'
  longitude: "-78.13687000"
- name: Hertford
  state_code: '10'
  state_name: Westmoreland
  latitude: '18.27181000'
  longitude: "-78.09078000"
- name: Jerusalem
  state_code: '10'
  state_name: Westmoreland
  latitude: '18.32458000'
  longitude: "-78.21563000"
- name: Kentucky
  state_code: '10'
  state_name: Westmoreland
  latitude: '18.19931000'
  longitude: "-78.01767000"
- name: Kilmarnoch
  state_code: '10'
  state_name: Westmoreland
  latitude: '18.12407000'
  longitude: "-77.92774000"
- name: Lambs River
  state_code: '10'
  state_name: Westmoreland
  latitude: '18.26823000'
  longitude: "-77.91414000"
- name: Leamington
  state_code: '10'
  state_name: Westmoreland
  latitude: '18.21352000'
  longitude: "-77.92743000"
- name: Lenox Bigwoods
  state_code: '10'
  state_name: Westmoreland
  latitude: '18.21392000'
  longitude: "-77.97214000"
- name: Little London
  state_code: '10'
  state_name: Westmoreland
  latitude: '18.24523000'
  longitude: "-78.22653000"
- name: Llandilo
  state_code: '10'
  state_name: Westmoreland
  latitude: '18.23439000'
  longitude: "-78.13895000"
- name: Mackfield
  state_code: '10'
  state_name: Westmoreland
  latitude: '18.31163000'
  longitude: "-78.02471000"
- name: Mearnsville
  state_code: '10'
  state_name: Westmoreland
  latitude: '18.18856000'
  longitude: "-78.02870000"
- name: Mount Airy
  state_code: '10'
  state_name: Westmoreland
  latitude: '18.24738000'
  longitude: "-78.32279000"
- name: Mount Stewart
  state_code: '10'
  state_name: Westmoreland
  latitude: '18.30411000'
  longitude: "-77.99274000"
- name: Negril
  state_code: '10'
  state_name: Westmoreland
  latitude: '18.26844000'
  longitude: "-78.34810000"
- name: New Market Oval
  state_code: '10'
  state_name: Westmoreland
  latitude: '18.21370000'
  longitude: "-78.13813000"
- name: New Roads
  state_code: '10'
  state_name: Westmoreland
  latitude: '18.19124000'
  longitude: "-77.93608000"
- name: New Works
  state_code: '10'
  state_name: Westmoreland
  latitude: '18.17248000'
  longitude: "-77.96645000"
- name: Orange Hill
  state_code: '10'
  state_name: Westmoreland
  latitude: '18.23418000'
  longitude: "-78.30277000"
- name: Paul Island
  state_code: '10'
  state_name: Westmoreland
  latitude: '18.27200000'
  longitude: "-78.18614000"
- name: Petersfield
  state_code: '10'
  state_name: Westmoreland
  latitude: '18.26588000'
  longitude: "-78.05755000"
- name: Petersville
  state_code: '10'
  state_name: Westmoreland
  latitude: '18.13700000'
  longitude: "-77.95046000"
- name: Porters Mountain
  state_code: '10'
  state_name: Westmoreland
  latitude: '18.32909000'
  longitude: "-78.04910000"
- name: Red Hills
  state_code: '10'
  state_name: Westmoreland
  latitude: '18.30550000'
  longitude: "-78.11280000"
- name: Revival
  state_code: '10'
  state_name: Westmoreland
  latitude: '18.24255000'
  longitude: "-78.28437000"
- name: Roaring River
  state_code: '10'
  state_name: Westmoreland
  latitude: '18.30118000'
  longitude: "-78.04324000"
- name: Russia
  state_code: '10'
  state_name: Westmoreland
  latitude: '18.21649000'
  longitude: "-78.12361000"
- name: Savanna-la-Mar
  state_code: '10'
  state_name: Westmoreland
  latitude: '18.21895000'
  longitude: "-78.13320000"
- name: Savannah-la-mar Business Dist.
  state_code: '10'
  state_name: Westmoreland
  latitude: '18.21962000'
  longitude: "-78.13034000"
- name: Seaford Town
  state_code: '10'
  state_name: Westmoreland
  latitude: '18.24339000'
  longitude: "-77.90504000"
- name: Seaton Crescent
  state_code: '10'
  state_name: Westmoreland
  latitude: '18.21675000'
  longitude: "-78.13603000"
- name: Shefield
  state_code: '10'
  state_name: Westmoreland
  latitude: '18.28412000'
  longitude: "-78.29169000"
- name: Shoalin Grotto
  state_code: '10'
  state_name: Westmoreland
  latitude: '18.22059000'
  longitude: "-78.14019000"
- name: Smithfield
  state_code: '10'
  state_name: Westmoreland
  latitude: '18.22275000'
  longitude: "-78.08785000"
- name: St. Leonards
  state_code: '10'
  state_name: Westmoreland
  latitude: '18.25533000'
  longitude: "-77.88889000"
- name: Strathbogie
  state_code: '10'
  state_name: Westmoreland
  latitude: '18.23855000'
  longitude: "-78.11714000"
- name: Strawberry
  state_code: '10'
  state_name: Westmoreland
  latitude: '18.30676000'
  longitude: "-78.08945000"
- name: Struie
  state_code: '10'
  state_name: Westmoreland
  latitude: '18.25317000'
  longitude: "-77.95656000"
- name: Three Mile River
  state_code: '10'
  state_name: Westmoreland
  latitude: '18.25706000'
  longitude: "-78.14275000"
- name: Town Head
  state_code: '10'
  state_name: Westmoreland
  latitude: '18.33898000'
  longitude: "-78.13569000"
- name: Truro
  state_code: '10'
  state_name: Westmoreland
  latitude: '18.31301000'
  longitude: "-78.15489000"
- name: Water Works
  state_code: '10'
  state_name: Westmoreland
  latitude: '18.23319000'
  longitude: "-78.04296000"
- name: Whitehouse
  state_code: '10'
  state_name: Westmoreland
  latitude: '18.10275000'
  longitude: "-77.95697000"
- name: Whithorn
  state_code: '10'
  state_name: Westmoreland
  latitude: '18.27111000'
  longitude: "-78.03811000"
- name: Williamsfield
  state_code: '10'
  state_name: Westmoreland
  latitude: '18.33393000'
  longitude: "-78.06957000"
